Datetime,Tweet_Id,Text,Username,Reply_Count,Retweet_Count,Like_Count,Bank
2019-01-01 23:32:42+00:00,1080245458730184704,@SlowbucksAce Trippin ü§¶üèΩ‚Äç‚ôÇÔ∏è gotta give it to gunna,fnb_justo,0,0,3,fnb
2019-01-01 22:36:31+00:00,1080231323552411650,"Fake news or nah, I needed to see that SMS from FNB ka available balance ya 36 meter especially ka di 1 byana. 

I thank Rich Twitter for the motivation.",BangDulamo_ZA,0,0,0,fnb
2019-01-01 22:29:20+00:00,1080229514712678400,"Them ‚ìÇÔ∏è's coming in I let 'em stack up üí∞ Don't ride my üåä dog, back up üôÖüèΩ‚Äç‚ôÇÔ∏è https://t.co/E5ITCE1I8E",fnb_justo,0,1,11,fnb
2019-01-01 21:55:39+00:00,1080221037395169280,FNB is so annoying with their unauthorized debit orders that just deduct money .. Ain't my money supposed to be safe with U? @FNBSA,babyLangah,0,0,0,fnb
2019-01-01 21:38:11+00:00,1080216641684819968,"@hothaata Forget the critics let's start 2019 on a high 
5 January 2019 FNB Stadium Ha E'Ya Lala Ya Kupa #20NiceThings",NavasExpert,0,0,0,fnb
2019-01-01 21:26:37+00:00,1080213730619731968,"@MyChisha @Magzzy4 Lol the sequence is FNB messages ""zangena"" a Lil while later NAPSA ""from the salary you got we've got 10% cause we running a statutory ponzi scheme, and we buying our managers new cars every 3 years thank you!""",k_bwalya,0,0,2,fnb
2019-01-01 21:21:58+00:00,1080212559809167365,I don't watch Tennis that much buh i just like this two too much. #Legends,sheun_fnb,0,0,0,fnb
2019-01-01 21:18:51+00:00,1080211776858406917,üòè Here‚Äôs my year in emoji: #HappyNewYear #MyEmojiYear https://t.co/9BngnP7dwP,sheun_fnb,0,0,0,fnb
2019-01-01 21:06:03+00:00,1080208553682657280,"Lol, I check my FNB app everyday.",Real_Nelson0,0,1,0,fnb
2019-01-01 20:36:22+00:00,1080201086814834690,üó£üó£üó£üó£Best all purpose player in the nation @H_Huncho #FNB,b_shap4,0,2,8,fnb
2019-01-01 19:26:32+00:00,1080183512253321216,Never seem so many digits in an FNB message üò≠üò≠üò≠,georgeowill,0,1,2,fnb
2019-01-01 19:19:44+00:00,1080181799370833922,"@Mkhu28 I'll be at the FNB stadium to witness the whole thing, kuzoba mnandi üòÅ",TiroDmoela,0,0,0,fnb
2019-01-01 19:00:17+00:00,1080176905951870976,I hate when the Benihana chefs try to talk to the table üòÇ just flip them knives and go,fnb_justo,0,0,2,fnb
2019-01-01 18:53:59+00:00,1080175318755815424,"@cybermeow_ Like me, i started with fnb and it was depressing but ended with fo and it was all great ‚ò∫Ô∏è you did it gurl you can now have all the free time you want üíØüíØ",Just_PCEW,1,0,0,fnb
2019-01-01 18:31:34+00:00,1080169676800446465,"1st things 1st
Planning starts with the diary  üìî 
January 2019 Kaizer Chiefs vs 
5 - Sundowns - FNB
9 - Wits - Bidvest 
12/13 - Zesco - Zambia (CAF)
15 - Amazulu - Durban
19/20 - Zesco- SA (CAF)
26/27 - Tornado - Mdantsane (Nedbank)",alfavina,12,29,114,fnb
2019-01-01 18:24:53+00:00,1080167997896044544,The FNB SMS troll has been done before,Yared_TheGuy,0,0,0,fnb
2019-01-01 18:17:01+00:00,1080166017857404928,@NeoNontso Lol you so right we need proof. This FNB message looks edited. There also cannot be an LV shop that opens on a new years day.,masiphos,0,0,0,fnb
2019-01-01 17:46:29+00:00,1080158330864189440,"From our FNB family to yours, Happy New Year! üñ§üíõ #fnbwaterloo #thatsMYbank #HappyNewYears https://t.co/zd7i3ezuoR",fnbwaterloo,0,0,1,fnb
2019-01-01 17:33:15+00:00,1080155001824137216,@vusaan376 @mlota_azola Before you even go to that fnb Atm which number are you going to use üòÖüëÄ,KwaneleZondih,1,0,0,fnb
2019-01-01 17:09:32+00:00,1080149033371471872,Members of the Media @OfficialPSL NB. @KaizerChiefs Press Conference on Thursday 3 Jan Time Change from 12:00 to 9:30 - buildup to waiting humdinger against @Masandawana FNB @OfficialSMSA,alfavina,2,8,28,fnb
2019-01-01 16:51:56+00:00,1080144604345683968,"Fantosy Women's Handbag (Maroon,Fnb-228) https://t.co/cyVasWLxRf",buywcoupon,0,0,0,fnb
2019-01-01 16:46:25+00:00,1080143215230177280,FNB donates $100k to new county services building https://t.co/h1pqb962CI,ocnews38570,0,0,1,fnb
2019-01-01 16:43:03+00:00,1080142367196352520,@Rbjacobs Hi i am trying to transfer funds between accounts &amp; i can't because FNB's bloody ridiculous policy restricts transfers on holidays! I need to transfer funds now before the cut off time so that i can pay my bills! WHY MUST I BE INCONVENIENCED LIKE THIS WHEN I PAY FEES!!!,columbines,0,0,0,fnb
2019-01-01 16:42:52+00:00,1080142321335832577,"@interrec @JackD157 @Moneyweb Not just black customers, but also resident foreigners with a high credit score ate routinely discriminated against by #FNB.",rusi_kathoke,0,0,0,fnb
2019-01-01 16:26:21+00:00,1080138168303796225,@RatiAlexis Check if its really FNB number....malatsia.batho ba tsietsa batho...!,Dominic_bonnie,0,0,2,fnb
2019-01-01 16:21:43+00:00,1080136998759862273,FNB stays testing me!!,Lily_Dlamini,0,0,1,fnb
2019-01-01 15:59:09+00:00,1080131322629292038,"@KgaboBW - Avoid transfers &amp; deposits at branches, instead use ATM‚Äôs &amp; electronic channels (Online/Cellphone Banking &amp; the App)
- Should you need to use an ATM, rather use an FNB ATM to avoid unnecessary fees",Rb__sa,0,0,0,fnb
2019-01-01 15:53:05+00:00,1080129796288454656,"if you owe me money from 2018 or previous years, I don't want it anymore.
If I owe you (including FNB housing finance) khohlwa",Tumi_Hlakudi,0,0,0,fnb
2019-01-01 15:38:36+00:00,1080126151098544129,Y‚Äôall made Zane delete that FNB black card tweet ü§£ü§£ü§£ü§£,_KagisoMothibi,0,0,0,fnb
2019-01-01 15:19:02+00:00,1080121225970675712,Happy New Year From The FNB Team!  We look forward to an amazing 2019 serving you! #yourkindofbank #financiallyFit2019 https://t.co/Kw2F1lOjDV,FNBDecatur,0,0,0,fnb
2019-01-01 15:16:17+00:00,1080120533218398208,Only new Jabu? Lol.... Dawg!!! You‚Äôre a legend in the making!!! That picture at FNB stadium shoulda made you realize that!!! Had this convo with you already!!! Get that camera and put the work in cause o masepa!!!!,casspernyovest,5,58,518,fnb
2019-01-01 15:11:52+00:00,1080119421887234049,"New artwork for sale! - ""FNB in Altavista"" - https://t.co/zeNUAWsi7J @fineartamerica https://t.co/P8ZsfRGuyl",tawilsonphotog,0,0,1,fnb
2019-01-01 15:06:41+00:00,1080118119471943681,"This MOOD sums up how I feel about the following 12Months,going onwardsüî•ü§óüíõüëÜüèΩüíé‚ú®üéä
.
Also!!!It's the first match of the year (05/01/2019)@Masandawana vs Kaizer Chiefs.
‚öΩ:15:30pm
ü•Ö:FNB‚Ä¶ https://t.co/b877xCoLOm",Ngwekazi_Map,0,0,0,fnb
2019-01-01 15:01:33+00:00,1080116826611302400,"2019 kicks off with an epic clash! Who's with us?
‚ûñ
‚öΩ Kaizer Chiefs Vs Mamelodi Sundowns
üìÜ 5 January 2019
üèü FNB Stadium
üèÜ Absa PSL
üì≤ #Sundowns https://t.co/QQ7d7aBMvR",Masandawana,45,104,532,fnb
2019-01-01 14:58:28+00:00,1080116048861560832,"@SalmiShiguedha With the fnb card poh?? Or you mean,opening a account at other banks??",Dazzle_nam,1,0,0,fnb
2019-01-01 14:53:33+00:00,1080114814511468545,"Other team vs Mamelodi Sundowns..
Fnb Stadium at 15H00 
#ForeverYellow
#TheBeatOfMamelodi",Benj_Boleke,0,1,5,fnb
2019-01-01 14:49:20+00:00,1080113751393796096,"@Nico_MoGwap Kindly inbox us your query for assistance, regards, FNBB #",FNB_Botswana,0,0,0,fnb
2019-01-01 14:35:53+00:00,1080110367081156609,üî• #Battlefield V üî• FIRE-UNITY #BattlefieldFriends #PS4 GER/ENG #FSK18 #BestCommunityInTheWorld @I__FIRE__I #BattlefieldFamily #FNB https://t.co/GhE5MYuOPI,Ramsey111uk,1,3,10,fnb
2019-01-01 14:30:23+00:00,1080108981731971073,"On the other hand FNB said they removed it on my card but it still works,eish",Ayabonga_M,0,0,0,fnb
2019-01-01 14:01:37+00:00,1080101741050322944,F.N.B. Corp (FNB) Given Consensus Rating of ‚ÄúHold‚Äù by Analysts - Fairfield Current https://t.co/YTUw22XMn6 https://t.co/DRwPIXZ2rD,HedgeFundRisk,0,0,0,fnb
2019-01-01 13:59:58+00:00,1080101327387222021,FNB :-) R8300.00 reserved for purchase @ Fact Durban Rocks 2018 from cheq a/c..318586 using card..9159.Avail R17.93  31 Dec 02:30 https://t.co/yyJAKSFmQI,sandileh,0,0,1,fnb
2019-01-01 13:49:33+00:00,1080098707637526528,"@Nico_MoGwap Hello Nico, how can we help you?",FNB_Botswana,0,0,0,fnb
2019-01-01 13:33:36+00:00,1080094692786798592,"Compliments
Kindly follow the fnb discrimination case for us blacks as you did this is taking too long other bond holders have passed on others due to stress etc.",Sipho56733274,0,0,0,fnb
2019-01-01 13:30:07+00:00,1080093816026263553,"Kaizer Chiefs defender Daniel Cardoso says new head coach Ernst Middendorp has ""brought in a lot of positive energy"", as Amakhosi prepare to face Mamelodi Sundowns at FNB Stadium on Saturday.",Hollywoodbets,0,0,5,fnb
2019-01-01 13:14:14+00:00,1080089819349422080,Y‚Äôall Better Stay On Y‚Äôall Pivot This Year üíØ Cuz 2019 I‚Äôm Coming Stepping On Y‚Äôall Necks ü§´,fnb_justo,0,0,2,fnb
2019-01-01 13:09:55+00:00,1080088734111072257,@viwemartins I don‚Äôt use FNBüåöüôÇ,i_bxndz,0,0,0,fnb
2019-01-01 12:52:39+00:00,1080084385574125569,@VickyRubadiri Happy new year from FNB stadium. Lovely,moseschagara,0,0,0,fnb
2019-01-01 12:38:42+00:00,1080080875142987776,@MandlaM89887896 @VugoLuyenge @Masandawana @faith_nonyane I miss Sundowns can't wait for fnb üëÜüëÜüëÜ,SelbySithole,0,0,1,fnb
2019-01-01 12:35:44+00:00,1080080129848737792,üîµ LIVE NOWüîµ Check out üî• #Battlefield V üî• FIRE-UNITY #BattlefieldFriends #PS4 GER/ENG #FSK18 #BestCommunityInTheWorld @I__FIRE__I #BattlefieldFamily #FNB https://t.co/3Ki8P7qVJl,Just__Janey,1,2,8,fnb
2019-01-01 12:20:54+00:00,1080076394967777283,@CapeTownCityFC @SportPesaSA @Umbro_SA @Heart1049FM @Erasmus_95 @ThaboNodada26 @AyandaPatosi @Mattyrusike @rolipu @pleeuwenburgh @MoenierDavids1 FNBüëÜüëÜ then Lucas Moripe it's gonna be a litüî•üî• Sartuday üíô #Citizens,mhlayisto,0,1,1,fnb
2019-01-01 11:20:19+00:00,1080061152338554881,@RayLordBT @interrec @Koena_za üôèüôèOh I have retweeted that one. I thought the latest one was worded differently as it also referred to FNB being hauled to the Equality court,PSeretlo,1,0,0,fnb
2019-01-01 11:20:01+00:00,1080061075717005312,@PSeretlo @Koena_za I did. You will find other content related to other banks over charging and get tweets directly from the lawyer representing such clients against not only standard bank but FNB as well. Not just an isolated stolen tweet,RayLordBT,1,0,1,fnb
2019-01-01 11:18:32+00:00,1080060701203447809,@interrec @Koena_za @PSeretlo follow Emerald. He is not only dealing with Standard Bank but other banks like FNB.,RayLordBT,1,0,1,fnb
2019-01-01 11:14:44+00:00,1080059745824899072,@Rbjacobs Will I pay any added fees for using the Nav feature on the FNB app...and Happy New YearüòÉ.,xoliGIRL,0,0,0,fnb
2019-01-01 11:06:53+00:00,1080057768218894336,@PhumiSibeko_ Yho üò≥ call FNB,Nano_Roots,1,0,0,fnb
2019-01-01 10:51:25+00:00,1080053875984478209,"@MissVezi26 That‚Äôs no train smash, almost everyone got unpaid tickets however only those with ‚Äúwarranty of arrest‚Äù prevents the renewal of the license disc.,, check on FNB APP(if you bank with them). You really don‚Äôt have to pay all tickets to renew!",wandilebrian,0,0,0,fnb
2019-01-01 10:34:00+00:00,1080049492571947008,"FNB :) DRAGON sent R1000.00. At FNB ATM, press PROCEED, select eWallet Services. PIN 39363, is valid for 16hrs. If expired, dial *120*277# for new PIN",NtwanaYaPitori,0,0,0,fnb
2019-01-01 10:23:07+00:00,1080046754496737281,"$FRFC: First Robinson Financial has fallen to a 2 star rating. Here is a list of its peers that are 4+ star stocks: WF, ZION.O, BOKF.O, STL, PNFP.O, IBKC.O, ASB, FNB, FHB.O, HWC.O, HOMB.O, BOH, FULT.O. (https://t.co/xRYzcz3SdR)",StockflareUS,0,0,0,fnb
2019-01-01 10:04:12+00:00,1080041994070700032,@interrec How is the case of bond holders of FNB going  in Cape town Mr Van Zyl,MzilikaziDonda,0,0,0,fnb
2019-01-01 09:59:58+00:00,1080040929141186561,@NtombyTshepo @Tshepo77692114 U will get those 3 points in Kigali not in Fnb,SibusisoNDlami1,1,0,1,fnb
2019-01-01 09:55:51+00:00,1080039893630418944,"$BMRC: Bank of Marin Bancorp has fallen to a 2 star rating. Here is a list of its peers that are 4+ star stocks: WF, ZION.O, BOKF.O, STL, PNFP.O, IBKC.O, ASB, FNB, FHB.O, HWC.O, HOMB.O, BOH, FULT.O. (https://t.co/3nJ7vftcYf)",StockflareUS,0,0,0,fnb
2019-01-01 09:50:07+00:00,1080038452899409921,#GNR fans: 'We were also mugged at FNB Stadium' - News24 https://t.co/4k7oML0tjj https://t.co/CZ4HPbc29l,GunsNRosesNo1,0,0,1,fnb
2019-01-01 09:40:51+00:00,1080036119129931776,@FriskyLibrarian The Distillers or FNB,CaptArgo,1,0,0,fnb
2019-01-01 09:38:08+00:00,1080035437165580288,I know lots of people who resigned because of discrimination at fnb one of them she's sitting right next to me.,kgomotsot94,0,2,2,fnb
2019-01-01 09:21:32+00:00,1080031259177467905,"@Wamhani_ Lol gy, ami cross patu from fnb mita direction ya spar on the 28th.",therealkurisani,0,0,1,fnb
2019-01-01 09:11:37+00:00,1080028761154830338,Claims of discrimination against black FNB customers heads to court  https://t.co/U9Gh3EJBwT via @Moneyweb,lesegoRAMA,0,0,0,fnb
2019-01-01 09:05:36+00:00,1080027247535443968,Can't touch my FNB acc that is my serious account can't be buying data off there,PulengMo,0,0,0,fnb
2019-01-01 08:55:29+00:00,1080024702310068224,"@hothaata Morning and tnx for words of encouragement mr President.
We wish u a blessed 2019 together with your loves one.

Till we meet on the 5 Jan at fnb",botikimodise03,0,0,1,fnb
2019-01-01 08:50:39+00:00,1080023484137381888,@mary3dex Beyonc√© fans celebrated her performing at FNB Stadium in South Africa. This statement no gel.,IsimaOdeh,1,0,38,fnb
2019-01-01 08:50:02+00:00,1080023330110033920,Standard Bank accused of charging black mortgage clients a higher interest rates. The monthly admin fees or service fees are levied not to discriminate against black bondholders. FNB has been summonsed in the Equality Court for the same conduct. This trial is continueing soon.,Koena_za,2,6,18,fnb
2019-01-01 08:48:46+00:00,1080023012148154369,@MasekoValencia hahaha so you mean pple must save money to be in relationship..you go to FNB and say may i please open a relationship accountüòÖüòÖüòÖüòÖ,MthethoThaps,0,0,1,fnb
2019-01-01 08:48:00+00:00,1080022818992152576,"A new year, a new beginning, let's come together and make beautiful memories. Bringing you in another few days the gamer changer in the FnB industry - @Infernogurgaon . Watch out this space for tipsy and yum deets. 

Wishing you all a very Happy 2019 üçªüçæüéàüéäüéâ https://t.co/DVgi1KJAsH",Infernogurgaon,0,0,0,fnb
2019-01-01 08:39:38+00:00,1080020711996035073,"@UmJustVal Hello, kindly inbox us your query for assistance, regards, FNBB .",FNB_Botswana,0,0,0,fnb
2019-01-01 08:38:20+00:00,1080020385469349888,"@bechwa_Dhumbu Hello, kindly inbox us your query for assistance, regards, FNBB.",FNB_Botswana,0,0,0,fnb
2019-01-01 08:37:01+00:00,1080020053288996864,üëåüèº also gives you the added protection against SIM swaps #smartincontact #fnb #fnbapp,Kovelin,0,0,2,fnb
2019-01-01 08:20:08+00:00,1080015806333894658,FNB services are unmatched,_ChumaniNande,1,0,0,fnb
2019-01-01 08:19:37+00:00,1080015674561437697,@CapitecBankSA I am am going back to Fnb this year.,aay_bandla,1,0,0,fnb
2019-01-01 08:17:09+00:00,1080015056346251264,"Fnb made me upgrade from savings to cheque account because 'it would be cheaper', since I would be paying a fixed amount of R105 per month.

But that was never the case. I pay that R105 plus 'service fees and value added fees' üò§üò§",Sizile_,2,0,0,fnb
2019-01-01 08:08:19+00:00,1080012832731734017,"Amid accusations that Std Bank is charging black mortgage clients a higher interest rates and FNB being summonsed to the Equality Court for same, what is being done to confirm that we are truly over charged? It‚Äôs possible I‚Äôve paid my 10 years installment in 5 years.",MzMabaso,0,0,0,fnb
2019-01-01 08:01:18+00:00,1080011067659554816,I don't think I've truly appreciated how many times FNB's OTP delivery via the app has helped me abroad until now üôåüèΩ,nafisa1,4,1,14,fnb
2019-01-01 07:56:34+00:00,1080009875118145536,Am I the only one experiencing issues with my FNB banking app?,knowledgeipinge,1,0,1,fnb
2019-01-01 07:44:42+00:00,1080006886840242176,@SuperSportTV Chiefs will win here but Sundowns will win in FNB,SimSolutswayi,1,1,25,fnb
2019-01-01 07:32:19+00:00,1080003771873325057,Guy's how much is it to replace a card at FNB? üò£,MHL3LI,7,0,1,fnb
2019-01-01 07:27:05+00:00,1080002457374212096,‚Å¶@FNBSA‚Å© Claims of discrimination against black FNB customers heads to court - Moneyweb https://t.co/LOG6p5JoXb,bulungisa2,0,0,0,fnb
2019-01-01 07:26:39+00:00,1080002346506022913,welcome januaryüåà welcome juga lomba fnb service :),whyibie,0,0,0,fnb
2019-01-01 07:17:37+00:00,1080000073776406528,@interrec @Nkanyiso_ngqulu Last payment breakdown:Instalment 7 788.58/INTEREST 6 779.47/Service Fee 57.50 @FNB.2019 i will 'fight' for interest review.Vuka darkie!!!,thabo15937535,0,4,3,fnb
2019-01-01 07:16:51+00:00,1079999880599400448,"This account is just too expensive and does nothing to benefit me...I have now approached Capitec, Absa, Nedbank and Std Bank to see what they can offer. I now need to decide which is best for me.. Thank you FNB, but I am done..",Charneychantal,4,0,0,fnb
2019-01-01 07:14:39+00:00,1079999327907409920,@FareezJamali Next FNB ü§£,MFAMY08,1,0,1,fnb
2019-01-01 07:11:51+00:00,1079998619988701184,"@thenextbarack Talk &amp; Tweet are cheap.

Once theyve paid the IEC they appear on the ballot. Do u recall a presser where they announced their participation in the upcoming election?

They r trying to raise funds via donations using a WMC bank - FNB (how ironic)",TheBrolli,1,0,0,fnb
2019-01-01 07:00:39+00:00,1079995802406141952,@mohdridhwan 3 metres away from any fnb outlet.,kikibukanupunya,1,0,0,fnb
2019-01-01 06:57:08+00:00,1079994917945049088,"@FNBSA @Rbjacobs @FNBSA 
 Fnb is not the only service provider that has high frequency calls...its a shield for poor service",tiisetsomasitha,0,0,0,fnb
2019-01-01 06:47:50+00:00,1079992576504152064,I asked if @FNBSA FNb had formally sent communication and the answer I got was no and i personally dont recall anything of a sort.,tiisetsomasitha,0,0,0,fnb
2019-01-01 06:37:54+00:00,1079990076241862657,"@interrec @sabstopy Just like most of clients jumped the ship, from fnb cruise. Standard Bank is also going to experience same action. It's seems like Capitec bank will be busy accepting new clients. Because CB's business model improve everyday.",TshidisoMatolo,0,1,2,fnb
2019-01-01 06:17:02+00:00,1079984826470547456,@TharWTF @twinnie114 buka üò≠üò≠FNB is on the way,mfundohm21,1,0,0,fnb
2019-01-01 06:15:38+00:00,1079984474685956096,@interrec What about FNB,Nzwa10,0,0,0,fnb
2019-01-01 05:54:53+00:00,1079979251359727617,"@WillardKatsande @nealcol So Katsande uses his son‚Äôs age to prolong his football career. Well done Chief, you fooled one Bobsteak. Your son is clearly not footballing, maybe a goalkeeper.
Happy new year! Guess the dress code is still stylish across the Beite bridge ü§∑üèø‚Äç‚ôÇÔ∏è.
Date: 05.01.2019
Venue: FNB stadium",masiya7575,1,0,1,fnb
2019-01-01 05:42:40+00:00,1079976176259600384,"P275.00 debited from my account @FNB_Botswana, why??üò≠üò≠",DuduMosothwane,1,0,0,fnb
2019-01-01 05:11:42+00:00,1079968385352515584,"@ramaselaledwaba @Stella_Sebalo If you don‚Äôt have to register with any statutory body, then you can get an FNB sim card, buy voice package and lol for clients.
ü§∑üèæ‚Äç‚ôÇÔ∏è you‚Äôve got nothing to lose.",G_A_O_retelelwe,0,0,0,fnb
2019-01-01 04:10:04+00:00,1079952876355575808,"New cabinets mean new projects! Fun to unwrap these components and ensure we have all of the pieces before we initiate demolition of the existing kitchen ‚òéÔ∏èüïäüõ†
.
.
.
#kitchendesign meets #kitchenremodel üè° #kitchen #remodeling #homeimprovement #contracto https://t.co/huF0qK4Bab",IZ_FNB,0,0,0,fnb
2019-01-01 03:06:58+00:00,1079936993516089344,"1) Graduated on time.
2) Dapat lesen P kereta manual dan moto for my very first trial without repeat within 2-3 months (sambil jd babysitter).
3) Dapat pengalaman bekerja in 3 different field :- RnD, FnB dan Halal/HACCP.(Sgt tough n still belajar how to survive, do pray for me)",fuyumi_bella,0,0,5,fnb
2019-01-01 02:53:38+00:00,1079933638685396992,Pray I can change many lives come 2019 and on including mines,Rello_fnb,0,5,5,fnb
2019-01-01 02:53:05+00:00,1079933499241566208,Gotta make the hardest beat ever tonight fasho,Rello_fnb,0,0,1,fnb
2019-01-01 02:37:10+00:00,1079929493974908929,That is possible information held at fnb sometimes has lapsed and the credit bureaus don't have that information I think is the way you end up being considered a risk end up paying a lot of interest,Mkateko15143020,0,0,1,fnb
2019-01-01 00:59:09+00:00,1079904827184795648,"@Sugoi_Ash hi ash
i can speak japanese.",Sakuraba_FNB,0,0,4,fnb
2019-01-01 00:08:38+00:00,1079892115050676226,üñ§When the god say no 350s that‚Äôs what it is! #2018waswack #FMF #FNB @ The Florida Mall https://t.co/5lf4PrVHGR,RomerCylar,0,0,0,fnb
2019-01-01 23:16:54+00:00,1080241484220325888,@FNBSA bank fees are getting ridonkulous now - a whole R400 just to bank with them? Watch them lose clients to @Discovery_SA https://t.co/mHL29ygE5o,natabulous1,0,0,0,fnb
2019-01-01 21:11:14+00:00,1080209858958376961,I will definately keep a close eye on this one. Very interested on the outcome. It sounds like Mr van Zyl is having facts on the table. @FNBSA,TlouaneC,0,1,0,fnb
2019-01-01 21:07:02+00:00,1080208801280724992,Been meaning to leave @FNBSA ü§î,Ree_Mohloare,0,0,0,fnb
2019-01-01 19:37:43+00:00,1080186327151374338,@Lindokuhle_NPS @JackDevero üòπüòπüòπüòπthese people copy texts from @FNBSA then edit amounts https://t.co/Myvr60pvJb,TmanFoodie,0,1,6,fnb
2019-01-01 18:09:27+00:00,1080164112540332032,Am I The Only One Having Problem With eWallet?? @FNBSA,Soul_Varti,0,0,0,fnb
2019-01-01 17:53:08+00:00,1080160004198580225,@FNBSA why does your tablet banking app ask you for your card number and pin??? Is that safe?,Jay9purkiss,0,0,0,fnb
2019-01-01 16:34:31+00:00,1080140223164616706,"@FNBSA is this an application for a Revolutionary visit?

https://t.co/7rsUae7c59",MorwaMobu,0,0,0,fnb
2019-01-01 16:12:09+00:00,1080134592655429633,Spotted... @FNBSA  signature tree in #Mahikeng in the North West Prov. I deserve few bucks via #eWallet surely. https://t.co/GN7g8sp6HC,GabrielRozani,0,0,3,fnb
2019-01-01 16:04:24+00:00,1080132641473683456,@FNBSA #loveFNB  E bucks helps a lot oth re fueling my petrol tank,Nolindo69031091,0,2,0,fnb
2019-01-01 15:35:22+00:00,1080125334530543616,@EmperorWellen @FNBSA Understandable considering today‚Äôs date üíÅüèæ‚Äç‚ôÇÔ∏è,Dee_ray_,0,0,1,fnb
2019-01-01 15:26:14+00:00,1080123035502497792,@FNBSA Why when you debit my cheque account do you not clear the corresponding credit to my credit card account for 3 days. After all that is no different to a transfer between my own accounts.,rusi_kathoke,0,0,0,fnb
2019-01-01 15:01:43+00:00,1080116869384888321,"@CompComSA @SAgovnews may you tell Min of Finance, @the_dti and SARS, Fin Minister that some banks might be stealing from consumers.. So consumer can built businesses nor contribute on tax!

@StandardBankZA @FNBSA",DuvhaSun,0,0,0,fnb
2019-01-01 14:18:49+00:00,1080106071145005056,"@FNBSA yo I opened a life policy the other day and you told me I'm going to be billed on the 4th of March so why this? You guys really want me to die &amp; how is this a ""friendly reminder""? ü¶ç https://t.co/1I4m55kIJO",FadeOwh,0,0,0,fnb
2019-01-01 11:18:59+00:00,1080060816400019456,@FNBSA Crossing Fingers üòâ,humaira1802,0,0,0,fnb
2019-01-01 11:16:07+00:00,1080060094954524672,@FNBSA #LoveFNB I will be spending my ebucks on my hubby to make is birthday extra special!,humaira1802,0,0,0,fnb
2019-01-01 10:57:37+00:00,1080055439360999424,"@FNBSA  My account is not in arrears

STOP SENDIMG NE TEXT MESSAGES TO PAY MY ACCOUNT https://t.co/2vzE2LIrtQ",sharmla555,0,0,0,fnb
2019-01-01 10:55:26+00:00,1080054890490155009,"@FNBSA STOP SENDING ME MESSAGES TO PAY MY ACCOUNT! My account is NOT in arrears!

#FNBSUCKS
#NOYCOTTFNB
#FNBSUCKS",sharmla555,0,0,0,fnb
2019-01-01 10:41:02+00:00,1080051264585641985,@Luciano7349 @FNBSA I think it mist be my new year resolution to leave them too,rabelaniCPT,0,0,0,fnb
2019-01-01 10:23:11+00:00,1080046773459140608,So @FNBSA charging me R43 for depositing money?? Why u ripping me off? https://t.co/E9E0L9cbE8,rabelaniCPT,0,0,0,fnb
2019-01-01 10:17:45+00:00,1080045404388032512,Two companies I will try not fight this year because my inner peace is important @FNBSA @Vodacom . Vodacom being the worst with service.,Zanele_09,0,0,0,fnb
2019-01-01 09:50:33+00:00,1080038557882990593,I need a call from @FNBSA explaining these bank charges... Are you open? I'm going to faint.,Lelo_Magic,0,0,0,fnb
2019-01-01 09:32:50+00:00,1080034101204258816,But thus u authorized debit orders what's up @FNBSA if u can't secure our monies pls say so I'm tire3of reversing them cos it is another bank charge on top,SammySenamela,0,0,0,fnb
2019-01-01 07:48:49+00:00,1080007923642834946,@FNBSA @Rbjacobs stopped at three Engender garages and couldn‚Äôt take advantage of this! On the N3 highway and in Durban! üôÑ https://t.co/Nrzg2f5iiD,lynnthehoff,0,0,0,fnb
2019-01-01 07:19:10+00:00,1080000461019758592,@FNBSA How can I earn more eBucks? Do you perhaps have a link? Thank you.,jazzvilakazi,0,0,0,fnb
2019-01-01 07:16:08+00:00,1079999698595926018,"@FNBSA I'M not at all happy with this Cheque acc.for maybe 5 months now u'll have not offered me a temp loan,instead I must go to other places for loans.Also when I got this account,I was made promises about how great this account is for me. PLS READ COMMENTS AS WELL..",Charneychantal,1,0,0,fnb
2019-01-01 06:54:50+00:00,1079994338740973568,@FNBSA I also want to know why i must wait on tge customer care line for hours in order to get helped... @FNBSA,tiisetsomasitha,0,0,0,fnb
2019-01-01 06:51:29+00:00,1079993496243748864,Why does @FNBSA  put people in the forefront to deal with clients if they are not informed about their organisation's processes,tiisetsomasitha,2,0,0,fnb
2019-01-01 06:42:01+00:00,1079991113082130432,It was eventually reversed but my issue here is the poor level of service recieved at Bracken City @FNBSA branch,tiisetsomasitha,0,0,0,fnb
2019-01-01 06:16:27+00:00,1079984681922293763,I trusted you so much @FNBSA :(,IrepTriplep,0,0,0,fnb
2019-01-01 04:45:12+00:00,1079961714408517632,@lupingcayisa @mphobmt @FNBSA You are leadership,Khoso_Khoza,0,0,2,fnb
2019-01-01 21:56:04+00:00,1080221142990901248,Happy new year üéà,absa_chou,0,0,0,absa
2019-01-01 20:21:24+00:00,1080197316508872704,Which Absa Premiership star are you looking forward to in 2019?,CimplyBM_,0,0,1,absa
2019-01-01 18:48:12+00:00,1080173862300590081,"My fellow tweeps who are from south Africa, whoever does your advert for ABSA premier league, what does he smoke?",dotyoung13,0,0,4,absa
2019-01-01 18:21:06+00:00,1080167043297615878,"Bank balance
#banks
#absa
#standardbank
#capitecbank https://t.co/RHEJCV4spB",Rendals_Masid,0,0,1,absa
2019-01-01 18:01:28+00:00,1080162101803565057,"@koteargas
Thank you for the awesome performance üéÄüòä @ Absa Stadium East London https://t.co/P6qy5U3clg",Buliemda,0,0,0,absa
2019-01-01 17:55:03+00:00,1080160486866472960,"@koteargas 
#Buffalocity 
#absastadium
#2019 @ Absa Stadium East London https://t.co/iTuyETcMQC",Buliemda,0,0,0,absa
2019-01-01 17:52:43+00:00,1080159899152191493,"@vuthelabutho1 
@yolandavuthela
#Buffalocity 
#2019 @ Absa Stadium East London https://t.co/JNS3sjdRuM",Buliemda,0,0,0,absa
2019-01-01 17:37:38+00:00,1080156105827856384,"@_uSboh That's why I asked ""without the absa app""

So an alternative",_Mavuma,2,0,0,absa
2019-01-01 17:36:39+00:00,1080155857420197888,"@AskGregory @maths00001 @Bmused1 @Net_Tertia @Julius_S_Malema @EFFSouthAfrica @FloydShivambu Maybe they got really mixed up. ABSA used to be Volkskas, and they must have thought VBS stands for Volkskas Bank and whatever the ""S"" might be for! Remember, despite all the degrees, they are not very bright!",Conrad1950,1,0,1,absa
2019-01-01 17:17:16+00:00,1080150978622619650,Anyone know how I can buy airtime without using the ABSA app?,_Mavuma,3,1,1,absa
2019-01-01 16:50:17+00:00,1080144190808485890,"@_navybaby @noniiee_n Absa bout to halla at you like ""what seems to be the problem?"" üòë
Can they like revise their pricing! And make it simplier to understand.ü§öü§öü§ö",UrielNathanZA,1,0,0,absa
2019-01-01 16:30:24+00:00,1080139186387255298,"ok I resolve to stop being bad with absa
or at platform fighters in general",dev_mouse,0,0,0,absa
2019-01-01 16:24:10+00:00,1080137616287326208,"@Absa_Group Absa,am a client with absa vehicle financing. I have been to absa banks wanting to request that they skip last month's deduction,but the number I was given never gets me to talk to a consultant. My request still stands and would like that the 60 months on my contract,",mngwenyama_1908,2,0,0,absa
2019-01-01 16:15:58+00:00,1080135551267848192,yoh Itunes didnt waste time and absa bank charges,mlinah76,0,0,0,absa
2019-01-01 16:04:17+00:00,1080132612969152513,@TeeMlangeni Is it necessary for me to bank at absa to get it done?,Yng_Rapscallion,1,0,0,absa
2019-01-01 15:50:15+00:00,1080129082279542784,"@PresJGZuma is facing criminal charges for less than R500,000.While absa,murray &amp; roberts, citibank et al have defrauded the state over R500 billion! No legal action was ever taken against their white managers!!!",NsibandeXolani,0,0,0,absa
2019-01-01 15:18:01+00:00,1080120970009108481,@AbsaKomal Happy New year Absa ji,Behlolbaloch1,0,0,0,absa
2019-01-01 15:01:33+00:00,1080116826611302400,"2019 kicks off with an epic clash! Who's with us?
‚ûñ
‚öΩ Kaizer Chiefs Vs Mamelodi Sundowns
üìÜ 5 January 2019
üèü FNB Stadium
üèÜ Absa PSL
üì≤ #Sundowns https://t.co/QQ7d7aBMvR",Masandawana,45,104,532,absa
2019-01-01 14:32:29+00:00,1080109509639630853,The gag is now Absa makes these cards in red. He‚Äôs gonna get shook if he replaces it.,YourBoy_TK,0,1,0,absa
2019-01-01 14:29:43+00:00,1080108813569667074,"@AbsaSouthAfrica @Absa Does your fleet contact centre work? I have been holding for a while, I have been no 1 on the queue for more than 20 minutes and the fleet card is not working",RudzaFulfilled,1,0,0,absa
2019-01-01 13:21:29+00:00,1080091641648693248,"I still would love Ajax Cape Town back in the Absa Premiership next season  even with their most important players leaving. I see it as a chance for the new coach and club to start completely over with a more rejuvenated side, if they gain promotion.",Shaistah_K,3,4,24,absa
2019-01-01 12:58:45+00:00,1080085920433483776,"Goalkeeper Brandon Petersen &amp; striker Prince Nxumalo will join the Clever Boys at the start of the 2019/20 Absa Premiership season. 

#BidvestWits https://t.co/uvLF6a9b0r",BidvestWits,4,37,48,absa
2019-01-01 12:50:21+00:00,1080083806529507328,"@Mandii_Mac @Absa What you did was fine 
Call the fraud department to verify",Feefee_theninja,0,0,0,absa
2019-01-01 12:22:16+00:00,1080076738741370880,"So when are u going to speak out against oppenheimers ruperts rothschilds Absa, etc?",BlackMzanzi,0,0,1,absa
2019-01-01 10:06:21+00:00,1080042536427839494,@MorolongZA Many ABSA atm are operated by a 3rd party ~ Saswitch or https://t.co/ORxt79gFJl's an additional fee that wouldn't be bundled with your monthly acc fee.Bad idea if we think of increased fees in a country struggling with #financialinclusion of all,KeaMatome,1,3,0,absa
2019-01-01 09:29:14+00:00,1080033197151408128,@yolula_ Let‚Äôs try ABSAüíÅüèæ‚Äç‚ôÇÔ∏è,KATL3HO_,2,0,0,absa
2019-01-01 09:12:03+00:00,1080028872207421440,"Celebrating entrepreneurs who turn great ideas into businesses... Listen to @KienoKammies in conversation with the co-founder of @LasPaletasCT artisan lollies, Jason Sandell on @Absa's #GameChangers on #LIFEpodcasts. üéôÔ∏è https://t.co/VDoSTsWWlu https://t.co/VeZWloNa3L",life_podcasts,0,0,1,absa
2019-01-01 08:30:00+00:00,1080018288103571456,"MAMELODI SUNDOWNS vs. POLOKWANE CITY

This @PSLupdate match sees @Masandawana v.s @polokwane_city on 8 January 2019 at Loftus Versfeld Stadium in Pretoria.

Watch the game in a fabulous @CIRCA_SA suite!

Details here: https://t.co/3Xy8EnbGeK ‚Ä¶/absa-premiership-mamelodi-sundow‚Ä¶/ https://t.co/M8LvulSSi2",CIRCA_SA,0,0,3,absa
2019-01-01 08:20:47+00:00,1080015970633170944,@CityPowerJhb I cannot buy electricity. Tried both Absa and Standand Bank app. Please urgently assist,KaraboMkhondo,2,0,0,absa
2019-01-01 08:08:08+00:00,1080012784006557697,@Masandawana Happy new year 2019 may Allah grant the Sundowns family with good health &amp; wisdom do whatever it takes to win games as well as the ferturnity of the ABSA PSL.,romanfareed,0,0,0,absa
2019-01-01 07:35:41+00:00,1080004620880105472,The Absa Premiership continuously welcomes new and young faces to the fold and Soccer Laduma takes a look at five of the players who made their league debuts in the 2018/19 season. #SLSiya https://t.co/bnMco9rKw4,Soccer_Laduma,0,1,11,absa
2019-01-01 07:16:51+00:00,1079999880599400448,"This account is just too expensive and does nothing to benefit me...I have now approached Capitec, Absa, Nedbank and Std Bank to see what they can offer. I now need to decide which is best for me.. Thank you FNB, but I am done..",Charneychantal,4,0,0,absa
2019-01-01 06:32:46+00:00,1079988784253419526,"Atleast 10000 students will be part of this mission. We are thankful to #BasicEducationDepartment #Firozabad, District Magistrate @firozabaddm Mrs #NehaSharmaIAS, #ChiefDevelopmentOfficer Mrs @nehajainias, ABSA #TarunKumar &amp; @prabhatmisra.",RedTapeMovement,0,0,1,absa
2019-01-01 06:04:45+00:00,1079981735289470976,"Happy New Year! 
We can't wait to see you at the 2019 Absa Cape Epic for another spectacular edition of the Untamed African MTB Race. Stay tuned for big news about all the big names that will be at the start line in March ... https://t.co/bkV6tZTc3n",CapeEpic,1,9,64,absa
2019-01-01 03:15:48+00:00,1079939219106091008,@TheRickyDavila Absa-fucking-lutely!!!,ShelreneDunDun,0,0,0,absa
2019-01-01 03:09:01+00:00,1079937510384398336,"PE Business News: Specialist Legal and Advisory (Absa Port Elizabeth,¬†EC) https://t.co/8FB1TKaeJz",MyPE,0,0,0,absa
2019-01-01 02:13:10+00:00,1079923456072957953,Absa Fricken Lutely üòÜ,yeshua458,0,0,1,absa
2019-01-01 01:19:44+00:00,1079910008542904323,"@SirNeoBranson @G8ER7U @NeoSamGroup @Virgin @Absa @Apple @Barclays @EA @Marvel @StanChart @G8 @g7 @richardbranson @Pontifex @GiuseppeConteIT @10DowningStreet @EmmanuelMacron @KremlinRussia_E @DangoteGroup @AlikoDangote Blessed #2019 From:

G8+ Elite &amp; Rogern's 7 Ultimate @G8ER7U,
Global Intelligence Surveillance &amp; Tactical,
NEO¬Æ And The ONE¬Æ Group of Companies,
NEOANGELO¬Æ And NEOSAM¬Æ @NeoSamGroup International,
NEOVIRGIN¬Æ @Virgin Group,
With @Absa, @Apple, @Barclays, @EA, @Marvel &amp; @StanChart. https://t.co/cOsrRRubKn",G8GIST,2,9,9,absa
2019-01-01 00:08:27+00:00,1079892068615553025,#eastlondoncountdown_2018 Your Host... I am  inspired by @djtira  since 2007... to be on stage. @ Absa Stadium East London https://t.co/NKSiGKoGq1,ManMthembu,0,0,0,absa
2019-01-01 22:47:35+00:00,1080234108293443584,That time you don't even have an @AbsaSouthAfrica  account https://t.co/y2ueKq4RzJ,missmarona,1,0,3,absa
2019-01-01 20:57:50+00:00,1080206485660020736,"@G8FIST @SirNeoBranson @CNNMoney @G8 @NSAGov @g7 @CIA @CENTCOM @USNavy @BBCWorld @cyber @StateDept @UKenyatta @georgesoros @ForbesTech @bankofengland @BarclaysUK @CreditSuisse @StanChart @SEC_News @USTreasury @Nasdaq @NYSE @Barclays_Kenya @SafaricomPLC @Airtel_Presence @StanChartKE @AbsaSouthAfrica @crypto @FortuneMagazine @nytimes @FT @fttechnews @techreview @Harvard_Law Global Prime @SirNeoBranson Dethrones Keanu Reeves &amp; Vladimir Putin With A GBP ¬£29.162 Trillion {US $37.327 Trillion} Record In Under 24 Hours In A Test To Show Who Controls The Most Legit Wealth On Tuesday, January 1, 2019 On All Timezones ~ Bloomberg @Crypto &amp; @FortuneMagazine. https://t.co/qq3OM2mh7N",G8GIST,2,17,19,absa
2019-01-01 19:11:28+00:00,1080179719977484288,@AbsaSouthAfrica I can never understand this bank. How do u charge over R600 for bank charges when I‚Äôm on a silver cheque acc?? How on earth does that make sense? Trust u to ruin day 1 of 2019,mcunulindiwe,1,0,0,absa
2019-01-01 18:27:08+00:00,1080168563535736832,"@AbsaSouthAfrica üò≠Dec R823. 91 on charges üò≠Nov R345. 06 on charges üò≠Oct R318. 18 on charges I'm afraid January I will be charged R1000 on 1 Monthly acc fee..
2 Transaction charge fee...
  3 Internet Bank fee.....?????
What are all those charges for?",luzoman,1,0,0,absa
2019-01-01 07:30:21+00:00,1080003275586486272,"@AbsaSouthAfrica got sent a cashsend on my number. The text with the reference still hasn't came through this was on Sunday. Anyone knows why?

The screenshot from the other person confirmed the transaction",Pumi_vee,0,0,0,absa
2019-01-01 07:00:42+00:00,1079995817296039936,@AbsaSouthAfrica Thank you,Brandon_BBS,1,0,0,absa
2019-01-01 23:50:15+00:00,1080249876867436546,Hi @MotsepeFoundtn @JNJCares @Cisco @Nedbank @Vodacom @harmonygoldnews @gatesfoundation @CocaCola_ZA @HP @Microsoft @Uber @NandosSA thank you for supporting @GlblCtzn Festival: Mandela 100 ‚Äî together we can #BeTheGeneration to end extreme poverty by 2030. üí™‚≠ï,ThinkerCrea,0,0,0,nedbank
2019-01-01 23:49:27+00:00,1080249676018806784,We must include women in the economy if we want to end extreme poverty! Thank you to @Nedbank for gathering small groups of women across South Africa together to combine their financial resources for saving and investing collectively. https://t.co/HRVUBBOGVL,4766847b6e8c495,0,0,0,nedbank
2019-01-01 23:49:06+00:00,1080249586801917952,"The first 1,000 days of a child‚Äôs life are critical! Help me spread the word about programs like @Nedbank‚Äôs Child Development and Survival programme that make sure parents are informed. https://t.co/LjY1BmZi2S",ThinkerCrea,0,0,0,nedbank
2019-01-01 23:48:33+00:00,1080249447894970369,We must include women in the economy if we want to end extreme poverty! Thank you to @Nedbank for gathering small groups of women across South Africa together to combine their financial resources for saving and investing collectively. https://t.co/8xRh5Xa8jD,ThinkerCrea,0,0,0,nedbank
2019-01-01 23:37:55+00:00,1080246775506710528,"The first 1,000 days of a child‚Äôs life are critical! Help me spread the word about programs like @Nedbank‚Äôs Child Development and Survival programme that make sure parents are informed. https://t.co/yDBgQpkKDg",B_QRZ,0,0,0,nedbank
2019-01-01 23:37:41+00:00,1080246714215399424,We must include women in the economy if we want to end extreme poverty! Thank you to @Nedbank for gathering small groups of women across South Africa together to combine their financial resources for saving and investing collectively. https://t.co/loid8M62nK,B_QRZ,0,0,0,nedbank
2019-01-01 23:18:03+00:00,1080241774474350593,Protecting children in school from violence and abuse is essential to developing and sustaining thriving societies. Thank you @nedbank for working to protect the next generation! https://t.co/QKbYnRMND0,aimvolunteers,0,0,0,nedbank
2019-01-01 23:15:41+00:00,1080241180061900800,We must include women in the economy if we want to end extreme poverty! Thank you to @Nedbank for gathering small groups of women across South Africa together to combine their financial resources for saving and investing collectively. https://t.co/BevSOUFQ2C,HaripersadKajal,0,0,0,nedbank
2019-01-01 23:15:29+00:00,1080241127104507904,"The first 1,000 days of a child‚Äôs life are critical! Help me spread the word about programs like @Nedbank‚Äôs Child Development and Survival programme that make sure parents are informed. https://t.co/DkCCc9vNCL",aimvolunteers,0,0,0,nedbank
2019-01-01 23:14:50+00:00,1080240964705443841,We must include women in the economy if we want to end extreme poverty! Thank you to @Nedbank for gathering small groups of women across South Africa together to combine their financial resources for saving and investing collectively. https://t.co/MyS7cLXNdd,LaMshengu2010,0,0,0,nedbank
2019-01-01 23:12:09+00:00,1080240288566628352,We must include women in the economy if we want to end extreme poverty! Thank you to @Nedbank for gathering small groups of women across South Africa together to combine their financial resources for saving and investing collectively. https://t.co/JNoNyvXVTC,aimvolunteers,0,0,0,nedbank
2019-01-01 23:03:39+00:00,1080238149337526274,We must include women in the economy if we want to end extreme poverty! Thank you to @Nedbank for gathering small groups of women across South Africa together to combine their financial resources for saving and investing collectively. https://t.co/FrKa2U4aIh,elle_la_reine,0,0,0,nedbank
2019-01-01 22:49:49+00:00,1080234670925799425,We must include women in the economy if we want to end extreme poverty! Thank you to @Nedbank for gathering small groups of women across South Africa together to combine their financial resources for saving and investing collectively. https://t.co/3bwVh8SF8i,mnsiba,0,0,0,nedbank
2019-01-01 22:44:42+00:00,1080233382783664128,We must include women in the economy if we want to end extreme poverty! Thank you to @Nedbank for gathering small groups of women across South Africa together to combine their financial resources for saving and investing collectively. https://t.co/ebzS2Y7Jrf,Thulz03411863,0,0,0,nedbank
2019-01-01 22:08:42+00:00,1080224319979036676,We must include women in the economy if we want to end extreme poverty! Thank you to @Nedbank for gathering small groups of women across South Africa together to combine their financial resources for saving and investing collectively. https://t.co/S85dZVB7No,Bubu12Samy,0,0,0,nedbank
2019-01-01 22:07:22+00:00,1080223986011832320,We must include women in the economy if we want to end extreme poverty! Thank you to @Nedbank for gathering small groups of women across South Africa together to combine their financial resources for saving and investing collectively. https://t.co/Qt24FXJ2gv,dunnyariano,0,0,0,nedbank
2019-01-01 22:01:17+00:00,1080222456055508992,We must include women in the economy if we want to end extreme poverty! Thank you to @Nedbank for gathering small groups of women across South Africa together to combine their financial resources for saving and investing collectively. https://t.co/KJDidFn3tj,VERIANA044,0,0,0,nedbank
2019-01-01 21:44:49+00:00,1080218309067448320,"The first 1,000 days of a child‚Äôs life are critical! Help me spread the word about programs like @Nedbank‚Äôs Child Development and Survival programme that make sure parents are informed. https://t.co/z6A1LxtSVZ",livdestefano,0,0,0,nedbank
2019-01-01 21:43:55+00:00,1080218084630319105,We must include women in the economy if we want to end extreme poverty! Thank you to @Nedbank for gathering small groups of women across South Africa together to combine their financial resources for saving and investing collectively. https://t.co/K5sPozoxFR,ChadL09,0,0,0,nedbank
2019-01-01 21:25:40+00:00,1080213492404310016,@SineQhayiya_SQ @Nedbank So persistent https://t.co/CLagAzQg8b,ApyKaAlizwa,1,1,0,nedbank
2019-01-01 21:25:39+00:00,1080213485546545154,Hi @MotsepeFoundtn @JNJCares @Cisco @Nedbank @Vodacom @harmonygoldnews @gatesfoundation @CocaCola_ZA @HP @Microsoft @Uber @NandosSA thank you for supporting @GlblCtzn Festival: Mandela 100 ‚Äî together we can #BeTheGeneration to end extreme poverty by 2030. üí™‚≠ï,Shafeeqah18,0,0,0,nedbank
2019-01-01 21:08:16+00:00,1080209113542508544,We must include women in the economy if we want to end extreme poverty! Thank you to @Nedbank for gathering small groups of women across South Africa together to combine their financial resources for saving and investing collectively. https://t.co/TaVLpolWDq,NaidooMeshach,0,0,0,nedbank
2019-01-01 21:06:36+00:00,1080208692765700096,We must include women in the economy if we want to end extreme poverty! Thank you to @Nedbank for gathering small groups of women across South Africa together to combine their financial resources for saving and investing collectively. https://t.co/Y6DwaOJWmZ,smilindemar,0,0,0,nedbank
2019-01-01 20:46:27+00:00,1080203622892388354,#NewBiz: @Nedbank appoints new marketing and communications agencies https://t.co/j8oHHTGeL8 via @Biz_Marketing | @joepublicunited @LiquoriceOnline @levergy_sa,JalangPeo_Media,0,1,1,nedbank
2019-01-01 20:46:04+00:00,1080203527706853376,We must include women in the economy if we want to end extreme poverty! Thank you to @Nedbank for gathering small groups of women across South Africa together to combine their financial resources for saving and investing collectively. https://t.co/ggdtCszvVx,NanaButheleziie,0,0,0,nedbank
2019-01-01 20:35:29+00:00,1080200864466436096,We must include women in the economy if we want to end extreme poverty! Thank you to @Nedbank for gathering small groups of women across South Africa together to combine their financial resources for saving and investing collectively. https://t.co/02FsVaaolR,ILY_Stay_Strong,0,0,0,nedbank
2019-01-01 20:04:23+00:00,1080193037144334336,"The first 1,000 days of a child‚Äôs life are critical! Help me spread the word about programs like @Nedbank‚Äôs Child Development and Survival programme that make sure parents are informed. https://t.co/MzLuyCkXJE",jingles3,0,0,0,nedbank
2019-01-01 20:03:06+00:00,1080192714082304001,We must include women in the economy if we want to end extreme poverty! Thank you to @Nedbank for gathering small groups of women across South Africa together to combine their financial resources for saving and investing collectively. https://t.co/Dyr9ZczWa1,jingles3,0,0,0,nedbank
2019-01-01 19:57:54+00:00,1080191403148406789,We must include women in the economy if we want to end extreme poverty! Thank you to @Nedbank for gathering small groups of women across South Africa together to combine their financial resources for saving and investing collectively. https://t.co/GdhZBRicGl,mangomelli,0,0,0,nedbank
2019-01-01 19:50:59+00:00,1080189662029930496,Access to vaccines is critical to child health! Thank you @Nedbank for campaigning to #VaxTheNation. https://t.co/LOhDEkwddx,LysianeAlbert,0,0,0,nedbank
2019-01-01 19:28:06+00:00,1080183905540587520,Protecting children in school from violence and abuse is essential to developing and sustaining thriving societies. Thank you @nedbank for working to protect the next generation! https://t.co/b7DJPLmZv2,Niks36938530,0,0,0,nedbank
2019-01-01 19:27:53+00:00,1080183849508921344,We must include women in the economy if we want to end extreme poverty! Thank you to @Nedbank for gathering small groups of women across South Africa together to combine their financial resources for saving and investing collectively. https://t.co/jjN3WGrBKJ,Niks36938530,0,0,0,nedbank
2019-01-01 19:12:13+00:00,1080179909727842305,We must include women in the economy if we want to end extreme poverty! Thank you to @Nedbank for gathering small groups of women across South Africa together to combine their financial resources for saving and investing collectively. https://t.co/fFW1noMVWm,acmcicmom,0,0,0,nedbank
2019-01-01 19:09:22+00:00,1080179191390318592,We must include women in the economy if we want to end extreme poverty! Thank you to @Nedbank for gathering small groups of women across South Africa together to combine their financial resources for saving and investing collectively. https://t.co/DVsKEew3Xu,blackasssha,0,0,0,nedbank
2019-01-01 18:56:50+00:00,1080176037915447296,We must include women in the economy if we want to end extreme poverty! Thank you to @Nedbank for gathering small groups of women across South Africa together to combine their financial resources for saving and investing collectively. https://t.co/E8UoyrzMR9,shivam_pawaiya,0,0,0,nedbank
2019-01-01 18:53:32+00:00,1080175207615266816,We must include women in the economy if we want to end extreme poverty! Thank you to @Nedbank for gathering small groups of women across South Africa together to combine their financial resources for saving and investing collectively. https://t.co/whFRKQkGri,KKween44,0,0,0,nedbank
2019-01-01 18:32:13+00:00,1080169841695305728,We must include women in the economy if we want to end extreme poverty! Thank you to @Nedbank for gathering small groups of women across South Africa together to combine their financial resources for saving and investing collectively. https://t.co/lmRRCbYDvO,Yazpants,0,0,0,nedbank
2019-01-01 18:31:34+00:00,1080169676800446465,"1st things 1st
Planning starts with the diary  üìî 
January 2019 Kaizer Chiefs vs 
5 - Sundowns - FNB
9 - Wits - Bidvest 
12/13 - Zesco - Zambia (CAF)
15 - Amazulu - Durban
19/20 - Zesco- SA (CAF)
26/27 - Tornado - Mdantsane (Nedbank)",alfavina,12,29,114,nedbank
2019-01-01 18:28:44+00:00,1080168964267954182,We must include women in the economy if we want to end extreme poverty! Thank you to @Nedbank for gathering small groups of women across South Africa together to combine their financial resources for saving and investing collectively. https://t.co/0W8UUMSszb,thembiland,0,0,0,nedbank
2019-01-01 18:26:46+00:00,1080168470019489793,@kgasago_seabi @soccerzela Lol Paez once rescued us fr this minnows ko Nedbank cup scoring brace...same sh!t jst different toilets,MarksNkuna,1,0,0,nedbank
2019-01-01 18:24:42+00:00,1080167951205060611,"The first 1,000 days of a child‚Äôs life are critical! Help me spread the word about programs like @Nedbank‚Äôs Child Development and Survival programme that make sure parents are informed. https://t.co/8MDdoPQkUa",cheeseluhver,0,0,1,nedbank
2019-01-01 18:19:47+00:00,1080166714795573248,Access to vaccines is critical to child health! Thank you @Nedbank for campaigning to #VaxTheNation. https://t.co/05ZVQtnIYo,phumula3420,0,0,0,nedbank
2019-01-01 18:17:05+00:00,1080166032889835521,We must include women in the economy if we want to end extreme poverty! Thank you to @Nedbank for gathering small groups of women across South Africa together to combine their financial resources for saving and investing collectively. https://t.co/aJkwBkevR3,phumula3420,0,0,0,nedbank
2019-01-01 18:07:56+00:00,1080163731215138816,We must include women in the economy if we want to end extreme poverty! Thank you to @Nedbank for gathering small groups of women across South Africa together to combine their financial resources for saving and investing collectively. https://t.co/MOAMo0VFhV,GraciousMokoena,0,0,0,nedbank
2019-01-01 17:29:56+00:00,1080154166683750400,We must include women in the economy if we want to end extreme poverty! Thank you to @Nedbank for gathering small groups of women across South Africa together to combine their financial resources for saving and investing collectively. https://t.co/0QpKCyvAds,Jmoc7Xo,0,0,0,nedbank
2019-01-01 17:26:31+00:00,1080153306658492418,We must include women in the economy if we want to end extreme poverty! Thank you to @Nedbank for gathering small groups of women across South Africa together to combine their financial resources for saving and investing collectively. https://t.co/LHoaMd4pNv,LineshanN,0,0,0,nedbank
2019-01-01 17:25:44+00:00,1080153110297960448,We must include women in the economy if we want to end extreme poverty! Thank you to @Nedbank for gathering small groups of women across South Africa together to combine their financial resources for saving and investing collectively. https://t.co/CXJEs1l4Vm,Akshat_Sharma_,0,0,0,nedbank
2019-01-01 17:24:02+00:00,1080152684571910146,We must include women in the economy if we want to end extreme poverty! Thank you to @Nedbank for gathering small groups of women across South Africa together to combine their financial resources for saving and investing collectively. https://t.co/6bi8tFC4o3,SRamparsadh,0,0,0,nedbank
2019-01-01 16:59:10+00:00,1080146425286139905,Nedbank: Overnight Transaction  deposit of RXXXXX into acc **9965.,13ongz,0,0,0,nedbank
2019-01-01 16:56:51+00:00,1080145841824980992,Hi @MotsepeFoundtn @JNJCares @Cisco @Nedbank @Vodacom @harmonygoldnews @gatesfoundation @CocaCola_ZA @HP @Microsoft @Uber @NandosSA thank you for supporting @GlblCtzn Festival: Mandela 100 ‚Äî together we can #BeTheGeneration to end extreme poverty by 2030. üí™‚≠ï,sonal_bhoolia,0,0,0,nedbank
2019-01-01 16:49:42+00:00,1080144044313858049,We must include women in the economy if we want to end extreme poverty! Thank you to @Nedbank for gathering small groups of women across South Africa together to combine their financial resources for saving and investing collectively. https://t.co/Y8reSHz9Ht,RIFAT_HASAN_007,0,0,1,nedbank
2019-01-01 16:42:48+00:00,1080142304457957377,We must include women in the economy if we want to end extreme poverty! Thank you to @Nedbank for gathering small groups of women across South Africa together to combine their financial resources for saving and investing collectively. https://t.co/eYjw8lwkdU,answer17_,0,0,1,nedbank
2019-01-01 16:42:05+00:00,1080142124786565121,"The first 1,000 days of a child‚Äôs life are critical! Help me spread the word about programs like @Nedbank‚Äôs Child Development and Survival programme that make sure parents are informed. https://t.co/sjOS6Fftjd",CandiceGeraghty,0,0,0,nedbank
2019-01-01 16:42:01+00:00,1080142106897907712,We must include women in the economy if we want to end extreme poverty! Thank you to @Nedbank for gathering small groups of women across South Africa together to combine their financial resources for saving and investing collectively. https://t.co/SldOtryV7p,mariwritesss,0,0,0,nedbank
2019-01-01 16:40:43+00:00,1080141782900527107,We must include women in the economy if we want to end extreme poverty! Thank you to @Nedbank for gathering small groups of women across South Africa together to combine their financial resources for saving and investing collectively. https://t.co/LkUnImoV5J,CandiceGeraghty,0,0,0,nedbank
2019-01-01 16:31:08+00:00,1080139369955106817,We must include women in the economy if we want to end extreme poverty! Thank you to @Nedbank for gathering small groups of women across South Africa together to combine their financial resources for saving and investing collectively. https://t.co/q8uGFfOlnX,SGordhan,0,0,0,nedbank
2019-01-01 16:14:36+00:00,1080135211030056961,We must include women in the economy if we want to end extreme poverty! Thank you to @Nedbank for gathering small groups of women across South Africa together to combine their financial resources for saving and investing collectively. https://t.co/LJvb1Ali1X,Roshinka,0,0,0,nedbank
2019-01-01 16:01:34+00:00,1080131929645690880,We must include women in the economy if we want to end extreme poverty! Thank you to @Nedbank for gathering small groups of women across South Africa together to combine their financial resources for saving and investing collectively. https://t.co/1nCtW8AsPD,MoeBaff,0,0,0,nedbank
2019-01-01 15:45:47+00:00,1080127955815333888,@Nedbank Wow nina! https://t.co/SgQc75MV13,Sineqhayiya_SQ,1,1,2,nedbank
2019-01-01 15:45:11+00:00,1080127804698750977,We must include women in the economy if we want to end extreme poverty! Thank you to @Nedbank for gathering small groups of women across South Africa together to combine their financial resources for saving and investing collectively. https://t.co/SvrtTi0SY3,BigEBaicks,0,0,0,nedbank
2019-01-01 15:42:50+00:00,1080127215868751879,@SineQhayiya_SQ You can also apply for a Credit card.,Nedbank,1,1,0,nedbank
2019-01-01 15:42:31+00:00,1080127137317875712,"@KCfanTv Consistency in a team, do well in CAF confederation, a top 4 finish in the league and  maybe winning Nedbank cup .",thandolvh,0,0,4,nedbank
2019-01-01 15:32:03+00:00,1080124499402649600,@SineQhayiya_SQ You can apply for a Personal loan: Simply dial *120*7243# to apply and a friendly banker will call you back :),Nedbank,1,1,0,nedbank
2019-01-01 15:20:49+00:00,1080121674517958657,We must include women in the economy if we want to end extreme poverty! Thank you to @Nedbank for gathering small groups of women across South Africa together to combine their financial resources for saving and investing collectively. https://t.co/3Fj1BgwUiJ,OK_CaeCae,0,0,0,nedbank
2019-01-01 14:42:48+00:00,1080112106031247360,We must include women in the economy if we want to end extreme poverty! Thank you to @Nedbank for gathering small groups of women across South Africa together to combine their financial resources for saving and investing collectively. https://t.co/Q1FT3AS347,chenzhiyang2009,0,0,0,nedbank
2019-01-01 14:38:47+00:00,1080111094662946816,We must include women in the economy if we want to end extreme poverty! Thank you to @Nedbank for gathering small groups of women across South Africa together to combine their financial resources for saving and investing collectively. https://t.co/1dGyBjQLgv,Isis_Kea,0,0,0,nedbank
2019-01-01 14:38:24+00:00,1080110999468998657,We must include women in the economy if we want to end extreme poverty! Thank you to @Nedbank for gathering small groups of women across South Africa together to combine their financial resources for saving and investing collectively. https://t.co/6bkhAfLnIG,Busisiwe_prudee,0,0,0,nedbank
2019-01-01 14:30:43+00:00,1080109067840962560,Protecting children in school from violence and abuse is essential to developing and sustaining thriving societies. Thank you @nedbank for working to protect the next generation! https://t.co/X7gjjUigYQ,lekgethoshaii,0,0,0,nedbank
2019-01-01 14:29:32+00:00,1080108767805612034,We must include women in the economy if we want to end extreme poverty! Thank you to @Nedbank for gathering small groups of women across South Africa together to combine their financial resources for saving and investing collectively. https://t.co/bZECDuAryY,lekgethoshaii,0,0,0,nedbank
2019-01-01 14:28:16+00:00,1080108449244110849,"The first 1,000 days of a child‚Äôs life are critical! Help me spread the word about programs like @Nedbank‚Äôs Child Development and Survival programme that make sure parents are informed. https://t.co/ytNuoiBDwg",cheriembali,0,0,0,nedbank
2019-01-01 13:56:41+00:00,1080100502585704449,We must include women in the economy if we want to end extreme poverty! Thank you to @Nedbank for gathering small groups of women across South Africa together to combine their financial resources for saving and investing collectively. https://t.co/itgu0bNXSl,nqubekomngoma,0,0,0,nedbank
2019-01-01 13:39:26+00:00,1080096160512126977,We must include women in the economy if we want to end extreme poverty! Thank you to @Nedbank for gathering small groups of women across South Africa together to combine their financial resources for saving and investing collectively. https://t.co/Eod6KVmjyG,n_sibusi,0,0,0,nedbank
2019-01-01 13:23:09+00:00,1080092060776976387,I design app experience and digital tools. Was part of the team that designed and created the new Nedbank app. #SideHustle,OfentseFetchu,0,0,0,nedbank
2019-01-01 13:17:28+00:00,1080090632545288192,We must include women in the economy if we want to end extreme poverty! Thank you to @Nedbank for gathering small groups of women across South Africa together to combine their financial resources for saving and investing collectively. https://t.co/ig4gei02Gm,DylanHeubner,0,0,0,nedbank
2019-01-01 12:56:01+00:00,1080085232928391174,We must include women in the economy if we want to end extreme poverty! Thank you to @Nedbank for gathering small groups of women across South Africa together to combine their financial resources for saving and investing collectively. https://t.co/5Avj7poKs3,Eamulda,0,0,0,nedbank
2019-01-01 12:40:03+00:00,1080081215724478466,Access to vaccines is critical to child health! Thank you @Nedbank for campaigning to #VaxTheNation. https://t.co/PkhClWjOxc,Rnta_gRg,0,0,0,nedbank
2019-01-01 12:37:42+00:00,1080080623665065984,We must include women in the economy if we want to end extreme poverty! Thank you to @Nedbank for gathering small groups of women across South Africa together to combine their financial resources for saving and investing collectively. https://t.co/zYGLCUiEUM,Angel37300967,0,0,0,nedbank
2019-01-01 12:20:01+00:00,1080076176125702144,We can never know it all when it comes to conservation and saving more water!! Thank you for teaching us how to save water @Nedbank https://t.co/oQWR0lgVmf.,Rnta_gRg,0,0,0,nedbank
2019-01-01 12:18:35+00:00,1080075813620346881,Protecting children in school from violence and abuse is essential to developing and sustaining thriving societies. Thank you @nedbank for working to protect the next generation! https://t.co/tiM7CyZ6MV,Rnta_gRg,0,0,0,nedbank
2019-01-01 12:08:36+00:00,1080073300582252544,We must include women in the economy if we want to end extreme poverty! Thank you to @Nedbank for gathering small groups of women across South Africa together to combine their financial resources for saving and investing collectively. https://t.co/DQZcaPPXkA,SamanthaSammyc,0,0,0,nedbank
2019-01-01 12:01:42+00:00,1080071564731703296,Hi @MotsepeFoundtn @JNJCares @Cisco @Nedbank @Vodacom @harmonygoldnews @gatesfoundation @CocaCola_ZA @HP @Microsoft @Uber @NandosSA thank you for supporting @GlblCtzn Festival: Mandela 100 ‚Äî together we can #BeTheGeneration to end extreme poverty by 2030. üí™‚≠ï,Rnta_gRg,0,0,1,nedbank
2019-01-01 11:56:54+00:00,1080070357602562049,"The first 1,000 days of a child‚Äôs life are critical! Help me spread the word about programs like @Nedbank‚Äôs Child Development and Survival programme that make sure parents are informed. https://t.co/bgzyhfy9NW",Rnta_gRg,0,0,0,nedbank
2019-01-01 11:56:21+00:00,1080070217479479301,We must include women in the economy if we want to end extreme poverty! Thank you to @Nedbank for gathering small groups of women across South Africa together to combine their financial resources for saving and investing collectively. https://t.co/16NCwqtZG7,OctyMorare,0,0,0,nedbank
2019-01-01 11:56:10+00:00,1080070172327768064,We must include women in the economy if we want to end extreme poverty! Thank you to @Nedbank for gathering small groups of women across South Africa together to combine their financial resources for saving and investing collectively. https://t.co/Na2CoQSIXx,MarthaMailaCibe,0,0,0,nedbank
2019-01-01 11:50:44+00:00,1080068806515585025,"@Starlarr_mdz @Nedbank What did nedbank say it means
Status:enumBatchOperationResult.Error.FAILURE",OrgSupreme,0,0,0,nedbank
2019-01-01 11:46:10+00:00,1080067655741120512,"The first 1,000 days of a child‚Äôs life are critical! Help me spread the word about programs like @Nedbank‚Äôs Child Development and Survival programme that make sure parents are informed. https://t.co/7tH0qo5Z6R",912355,0,0,0,nedbank
2019-01-01 11:45:33+00:00,1080067502716174336,We must include women in the economy if we want to end extreme poverty! Thank you to @Nedbank for gathering small groups of women across South Africa together to combine their financial resources for saving and investing collectively. https://t.co/raQx82M8ql,912355,0,0,0,nedbank
2019-01-01 11:43:19+00:00,1080066939756732416,We must include women in the economy if we want to end extreme poverty! Thank you to @Nedbank for gathering small groups of women across South Africa together to combine their financial resources for saving and investing collectively. https://t.co/10rmQIZ59P,Sliimy_Tez,0,0,1,nedbank
2019-01-01 11:38:57+00:00,1080065838135287808,We must include women in the economy if we want to end extreme poverty! Thank you to @Nedbank for gathering small groups of women across South Africa together to combine their financial resources for saving and investing collectively. https://t.co/ps8LpFYnOP,Carin84073108,0,0,0,nedbank
2019-01-01 11:17:33+00:00,1080060454532235264,@kholekasiyaphi Great choice :) Good luck with the competition.,Nedbank,0,0,0,nedbank
2019-01-01 11:14:19+00:00,1080059638953971712,We must include women in the economy if we want to end extreme poverty! Thank you to @Nedbank for gathering small groups of women across South Africa together to combine their financial resources for saving and investing collectively. https://t.co/vS5nkouqRw,louell_m,0,0,0,nedbank
2019-01-01 11:06:10+00:00,1080057590556577797,Hi @MotsepeFoundtn @JNJCares @Cisco @Nedbank @Vodacom @harmonygoldnews @gatesfoundation @CocaCola_ZA @HP @Microsoft @Uber @NandosSA thank you for supporting @GlblCtzn Festival: Mandela 100 ‚Äî together we can #BeTheGeneration to end extreme poverty by 2030. üí™‚≠ï,QumbisaAndile,0,0,0,nedbank
2019-01-01 11:05:30+00:00,1080057420116885505,We must include women in the economy if we want to end extreme poverty! Thank you to @Nedbank for gathering small groups of women across South Africa together to combine their financial resources for saving and investing collectively. https://t.co/bPFfH2bt2P,QumbisaAndile,0,0,0,nedbank
2019-01-01 11:04:40+00:00,1080057210946887680,We must include women in the economy if we want to end extreme poverty! Thank you to @Nedbank for gathering small groups of women across South Africa together to combine their financial resources for saving and investing collectively. https://t.co/kYzSurPh1L,Xoliswa_muvi89,0,0,0,nedbank
2019-01-01 11:00:39+00:00,1080056199402475520,"@Nedbank #nedbankbucketlist
I would really love to go to Zanzibar for a holiday or Mauritius ‚ò∫Ô∏è",kholekasiyaphi,1,0,0,nedbank
2019-01-01 10:40:30+00:00,1080051128765726720,We must include women in the economy if we want to end extreme poverty! Thank you to @Nedbank for gathering small groups of women across South Africa together to combine their financial resources for saving and investing collectively. https://t.co/TxGAMC7t35,lokiisasgardian,0,0,0,nedbank
2019-01-01 10:30:46+00:00,1080048682047860736,We can never know it all when it comes to conservation and saving more water!! Thank you for teaching us how to save water @Nedbank https://t.co/r2WS2uQnGw.,AinsleyChetty,0,0,0,nedbank
2019-01-01 10:19:10+00:00,1080045761210011648,Hi @MotsepeFoundtn @JNJCares @Cisco @Nedbank @Vodacom @harmonygoldnews @gatesfoundation @CocaCola_ZA @HP @Microsoft @Uber @NandosSA thank you for supporting @GlblCtzn Festival: Mandela 100 ‚Äî together we can #BeTheGeneration to end extreme poverty by 2030. üí™‚≠ï,sir_crayfish,0,0,0,nedbank
2019-01-01 10:18:53+00:00,1080045689659424769,We must include women in the economy if we want to end extreme poverty! Thank you to @Nedbank for gathering small groups of women across South Africa together to combine their financial resources for saving and investing collectively. https://t.co/L7kxCBYQbi,sir_crayfish,0,0,0,nedbank
2019-01-01 10:11:08+00:00,1080043741619109889,"Hi everybody, all the details of booking is in the link. it is R350 for the morning workshop and breakfast. We only take pre-bookings via EFT.
EFT details: 
Celeste Du Toit T/A YES Paradigm
Nedbank
Acc No: 1078315442... https://t.co/j13Xwb1Wxe",YESParadigm,0,0,0,nedbank
2019-01-01 10:09:34+00:00,1080043344078737408,We must include women in the economy if we want to end extreme poverty! Thank you to @Nedbank for gathering small groups of women across South Africa together to combine their financial resources for saving and investing collectively. https://t.co/nAkJfsFjlY,SirAkinAkinleye,0,0,0,nedbank
2019-01-01 10:05:13+00:00,1080042249340227584,We must include women in the economy if we want to end extreme poverty! Thank you to @Nedbank for gathering small groups of women across South Africa together to combine their financial resources for saving and investing collectively. https://t.co/5WEDLZfT1g,Kerotse_K,0,0,1,nedbank
2019-01-01 09:43:48+00:00,1080036862159405057,@XolaniNgwekazi_ Hi Xolani. We've replied to your previous post regarding this matter.,Nedbank,0,0,0,nedbank
2019-01-01 09:41:42+00:00,1080036333647810560,"The first 1,000 days of a child‚Äôs life are critical! Help me spread the word about programs like @Nedbank‚Äôs Child Development and Survival programme that make sure parents are informed. https://t.co/iKYKUSVWKY",jd_warfield,0,0,0,nedbank
2019-01-01 09:41:24+00:00,1080036256246042624,We must include women in the economy if we want to end extreme poverty! Thank you to @Nedbank for gathering small groups of women across South Africa together to combine their financial resources for saving and investing collectively. https://t.co/Or0uSHfJLi,jd_warfield,0,0,0,nedbank
2019-01-01 09:32:51+00:00,1080034106950471680,"@Nedbank too much charges for the Current Account, I can't take it anymore, this is 2019 and I want to save money, I can't work for the bank. For Dec I paid more than R240.00 for bank charges",XolaniNgwekazi_,1,0,0,nedbank
2019-01-01 09:32:33+00:00,1080034032161902593,"Tweeps, which bank has less charges, I don't want to bank with @Nedbank anymore. I can't pay more than R300.00 for bank charges. Which other bank would u recommend",XolaniNgwekazi_,0,0,0,nedbank
2019-01-01 09:31:58+00:00,1080033884547489794,We must include women in the economy if we want to end extreme poverty! Thank you to @Nedbank for gathering small groups of women across South Africa together to combine their financial resources for saving and investing collectively. https://t.co/vUfwGBVgks,mrskellycan1,0,0,0,nedbank
2019-01-01 09:30:20+00:00,1080033470649389058,@EpikiazoGwanya We've sent you a DM.,Nedbank,0,0,0,nedbank
2019-01-01 09:24:09+00:00,1080031916781457409,"@Loga3000 @Nedbank Mmmm, excuse the pun... Lolz but noted",Toni_nolo21,0,0,1,nedbank
2019-01-01 09:23:31+00:00,1080031756487667712,@charmer_2012 @Nedbank Mmmm... Thanks for the heads up Les...,Toni_nolo21,0,0,1,nedbank
2019-01-01 09:23:27+00:00,1080031741069414401,We must include women in the economy if we want to end extreme poverty! Thank you to @Nedbank for gathering small groups of women across South Africa together to combine their financial resources for saving and investing collectively. https://t.co/cxfYhiWVR4,edymuga,0,0,0,nedbank
2019-01-01 09:19:32+00:00,1080030753038262272,@Nedbank ..but your branch said any investment above 100k is above branch competency.,EpikiazoGwanya,1,0,0,nedbank
2019-01-01 09:17:55+00:00,1080030348916985856,"@EpikiazoGwanya Hi there, we sincerely apologize for any inconvenience caused however early withdrawing or releasing of funds is dependent on the circumstances for the request and the terms and conditions of that investment. Only the branch can advise further regarding these requests",Nedbank,1,0,0,nedbank
2019-01-01 09:16:18+00:00,1080029938860871680,We must include women in the economy if we want to end extreme poverty! Thank you to @Nedbank for gathering small groups of women across South Africa together to combine their financial resources for saving and investing collectively. https://t.co/l833O7aovU,LEGAE234,0,0,0,nedbank
2019-01-01 09:12:25+00:00,1080028962150076417,@Nedbank @Toni_nolo21 Well in May I applied with you guys and other 3 banks. #StandardBankZA gave me a better deal and house insurance...just saying,charmer_2012,1,0,0,nedbank
2019-01-01 09:02:49+00:00,1080026548500156416,@Nedbank &amp; that is a problem for me because I need the money. Please help,EpikiazoGwanya,1,0,0,nedbank
2019-01-01 09:01:04+00:00,1080026107439652865,@Nedbank  I have a 5 year investment and I went to the branch asking for 50k release with a deed of sale for a plot but I was told that they can help me only in case of death.,EpikiazoGwanya,1,0,0,nedbank
2019-01-01 08:59:27+00:00,1080025700881567745,"@phenomenal_PF @ThandikayaKoti1 @Masandawana Lig
Nedbank 
Caf",NtombyTshepo,0,0,1,nedbank
2019-01-01 08:57:12+00:00,1080025132222029824,"@day_dynasty Hi there, to get a full confirmation of the payment done this can be done via our internet banking only",Nedbank,0,0,1,nedbank
2019-01-01 08:51:01+00:00,1080023579859783680,@XolaniNgwekazi_ A Current account is a type of transactional account account that allows you to pay with a card as well as deposit and withdraw money and have added features such as the ability to link an overdraft. Best to speak to a banker at the branch whom can do ... https://t.co/FCjukmoBIY,Nedbank,0,0,0,nedbank
2019-01-01 08:41:22+00:00,1080021147549384704,"@Mzwai_Bhengu Hi Mwazi, Telkom mobile airtime can be purchased from R5 on our money app. Kindly swipe to ""Telkom Mobile"" and not Telkom if you are purchasing airtime for your cell number.",Nedbank,0,0,0,nedbank
2019-01-01 08:36:16+00:00,1080019865187086336,@Nedbank what are the advantages and disadvantages of having a Current Account,XolaniNgwekazi_,1,0,0,nedbank
2019-01-01 08:22:36+00:00,1080016428458221569,@tadisaq Have a blessed new year as well :),Nedbank,0,0,0,nedbank
2019-01-01 08:20:10+00:00,1080015815599181824,@Nedbank Apology accepted üéäüéäcompliments of the new year. Blessings to you,tadisaq,1,0,0,nedbank
2019-01-01 08:17:29+00:00,1080015139439603712,@tadisaq Our apologies for any inconvenience. #SecurityReasons,Nedbank,1,0,0,nedbank
2019-01-01 08:07:21+00:00,1080012588627431424,"This is a lenght of a phone call I just had literally begging @Nedbank to fix both it's ATM's in Cofimvaba so that we can access the little we have from our Nedbank's account, no help or whatsoever. https://t.co/kVFac5rsl8",ZukoMandlakazi,0,0,3,nedbank
2019-01-01 08:07:05+00:00,1080012520386105345,@Nedbank Thats what im saying that @StandardBankZA  s instant money is automatically activated. M sure only Nedbank is still behind in that regard where u hv to visit a branch just to get a sendimali option activated.,tadisaq,1,0,0,nedbank
2019-01-01 08:04:43+00:00,1080011924841160704,"@tadisaq Hi there, once activated you can then maintain your own limits. Kindly ensure that your sms facility is also activated for doing sensitive transactions",Nedbank,1,0,0,nedbank
2019-01-01 07:57:32+00:00,1080010119579090944,"Wishing everyone @KaizerChiefs a Happy New Year 2019 and that we start this year on a high,play as a team and win games as we can still maintain top 3 position at the end of the season but #Nedbank is what we need!",AlphaMnomiya,0,0,0,nedbank
2019-01-01 07:55:09+00:00,1080009518187233280,@Nedbank I  mean as the account holder i cnt use send imali on my app. The profile limits are zeroed. Even adjusting them doesn't help. Ts frustrating having options on the app which u cant use.üòï,tadisaq,1,0,0,nedbank
2019-01-01 07:34:05+00:00,1080004218558263296,"May it be a good year for Orlando Pirates! League and nedbank Cup, hoping for the champions league too!",MlDibo,1,0,1,nedbank
2019-01-01 07:30:19+00:00,1080003270393954304,We must include women in the economy if we want to end extreme poverty! Thank you to @Nedbank for gathering small groups of women across South Africa together to combine their financial resources for saving and investing collectively. https://t.co/yzjec4vyQm,hopeyemibabz,0,0,0,nedbank
2019-01-01 07:28:35+00:00,1080002832189800448,"@MolelekiTumelo Hi there, should you be experiencing any issues kindly private message us so we can assist further",Nedbank,0,0,0,nedbank
2019-01-01 07:26:25+00:00,1080002289589518336,"The first 1,000 days of a child‚Äôs life are critical! Help me spread the word about programs like @Nedbank‚Äôs Child Development and Survival programme that make sure parents are informed. https://t.co/u25nTJ6oIt",fatzz96,0,0,0,nedbank
2019-01-01 07:25:58+00:00,1080002175370186752,We must include women in the economy if we want to end extreme poverty! Thank you to @Nedbank for gathering small groups of women across South Africa together to combine their financial resources for saving and investing collectively. https://t.co/tDHLXd2mLQ,fatzz96,0,0,0,nedbank
2019-01-01 07:23:20+00:00,1080001511185371138,"@tadisaq HI there, what approval are you referring to as send imali is done via our digital channels and the recipient will receive an OTP code to withdraw the funds",Nedbank,1,0,0,nedbank
2019-01-01 07:20:43+00:00,1080000853648515072,We must include women in the economy if we want to end extreme poverty! Thank you to @Nedbank for gathering small groups of women across South Africa together to combine their financial resources for saving and investing collectively. https://t.co/rmhAu7mhYv,phiri_nikita,0,0,0,nedbank
2019-01-01 07:17:11+00:00,1079999964099629056,We must include women in the economy if we want to end extreme poverty! Thank you to @Nedbank for gathering small groups of women across South Africa together to combine their financial resources for saving and investing collectively. https://t.co/kKxvWY22qF,msshawnie77,0,0,0,nedbank
2019-01-01 07:16:51+00:00,1079999880599400448,"This account is just too expensive and does nothing to benefit me...I have now approached Capitec, Absa, Nedbank and Std Bank to see what they can offer. I now need to decide which is best for me.. Thank you FNB, but I am done..",Charneychantal,4,0,0,nedbank
2019-01-01 07:12:06+00:00,1079998684551696384,@Nedbank in ths day and era one still needs to go to the bank to get send imali approval. Such trash,tadisaq,1,0,0,nedbank
2019-01-01 06:24:42+00:00,1079986755674275840,We must include women in the economy if we want to end extreme poverty! Thank you to @Nedbank for gathering small groups of women across South Africa together to combine their financial resources for saving and investing collectively. https://t.co/IqeDzkxIJZ,KWEKWENENE,0,0,0,nedbank
2019-01-01 05:50:19+00:00,1079978103328395264,We must include women in the economy if we want to end extreme poverty! Thank you to @Nedbank for gathering small groups of women across South Africa together to combine their financial resources for saving and investing collectively. https://t.co/IecJkj3XSn,Thabithesavage1,0,0,0,nedbank
2019-01-01 05:29:44+00:00,1079972921664290816,"@DrPeterDurcan Thanks for getting in touch. Has your bundle reflected as of yet? If not, you would need to contact Nedbank as the allocation is processed from their end.",Vodacom111,0,0,0,nedbank
2019-01-01 05:17:36+00:00,1079969871427907584,Protecting children in school from violence and abuse is essential to developing and sustaining thriving societies. Thank you @nedbank for working to protect the next generation! https://t.co/kjXzp99vqL,Lovesashop,0,0,1,nedbank
2019-01-01 04:16:47+00:00,1079954565821358081,@Saberah @MMamsymojela @interrec @Nedbank Please share because I got one from them and I have many questionsüò°üò°üò°,Dlidlozi,0,0,0,nedbank
2019-01-01 04:16:18+00:00,1079954444719214593,"Nedbank: Test Analyst (Johannesburg, GP, South Africa)
 https://t.co/CBrBLezD99",jobsouthafrica_,0,0,0,nedbank
2019-01-01 04:12:52+00:00,1079953580763873280,"@KeneJalapeno @interrec Explain further my sister, how do they cook things!
I'm looking at the interest rate I got from NEDBANK&amp;its way too high for my credit score",Dlidlozi,1,1,1,nedbank
2019-01-01 03:38:58+00:00,1079945049042026496,We must include women in the economy if we want to end extreme poverty! Thank you to @Nedbank for gathering small groups of women across South Africa together to combine their financial resources for saving and investing collectively. https://t.co/lwvFGcBmwa,AbuuZah,0,0,0,nedbank
2019-01-01 00:51:22+00:00,1079902871938916353,We must include women in the economy if we want to end extreme poverty! Thank you to @Nedbank for gathering small groups of women across South Africa together to combine their financial resources for saving and investing collectively. https://t.co/kFHCApMDLe,JA06465394,0,0,0,nedbank
2019-01-01 00:33:01+00:00,1079898251367731200,We must include women in the economy if we want to end extreme poverty! Thank you to @Nedbank for gathering small groups of women across South Africa together to combine their financial resources for saving and investing collectively. https://t.co/FN8AH4cIdc,sethuBee,0,0,0,nedbank
2019-01-01 00:28:04+00:00,1079897005034557440,We must include women in the economy if we want to end extreme poverty! Thank you to @Nedbank for gathering small groups of women across South Africa together to combine their financial resources for saving and investing collectively. https://t.co/2PrWDOLtdg,kholofelonkadi2,0,0,0,nedbank
2019-01-01 00:07:42+00:00,1079891881000079360,We must include women in the economy if we want to end extreme poverty! Thank you to @Nedbank for gathering small groups of women across South Africa together to combine their financial resources for saving and investing collectively. https://t.co/5fXTm8GkKH,MissfabP,0,0,0,nedbank
2019-01-01 22:52:06+00:00,1080235242731069441,The queues tomorrow at Capitec ü§£,Geepee25,0,0,0,capitec
2019-01-01 21:38:34+00:00,1080216739957428224,"Microsoft just debited R159.00 out of my account ka, January ikana hai konaüò≠... What time does capitec openüòí",_kidkadi,0,0,0,capitec
2019-01-01 20:35:45+00:00,1080200929864007682,@MakhosiMnguni1 @MbalulaFikile @eNCA Capitec have done a way better than post office.,Sammy7Zintos,0,0,0,capitec
2019-01-01 19:45:01+00:00,1080188164059336705,does capitec offer car finance?i really cant be walking in 2019..@CapitecBankSA,daniel_thabo,1,0,0,capitec
2019-01-01 19:23:17+00:00,1080182692501700608,"But friend,  you are using a Capitec card. who's cheque card was this?",UrielNathanZA,0,0,0,capitec
2019-01-01 18:45:34+00:00,1080173200443691009,Haven't you heard? Capitec money in ofcourse.,Nok2lan,0,0,0,capitec
2019-01-01 18:30:09+00:00,1080169322969026565,"@interrec @CapitecBankSA is the best
Laugh all you want when you see us with our cards
ViVa Capitec Viva",TsSimmieUHeard,0,0,0,capitec
2019-01-01 18:06:35+00:00,1080163389354192896,@DineoNYC ewena mfaz weh Mr price clothes and capitec banks üòÇ,thendeloshalom,0,0,0,capitec
2019-01-01 17:38:22+00:00,1080156289966243840,"Embarrassing moment of 2019 

M buying something to eat ku  KFC using my bank card BOOM DECLINED then locc angbuke n b like  NGIZAME FUTH

M LIKE NO USE THIS ONE(giving her another one) 

Then I remembered the SMS I got from capitec that 31.12.2018ü§¶ü§¶ü§¶",BoetSim,0,0,0,capitec
2019-01-01 16:27:56+00:00,1080138563721805824,@The_Garthian Being trying to deposit into my account using capitec but eya gana,LesibaHorns,0,0,0,capitec
2019-01-01 16:20:05+00:00,1080136588984762368,Capitec money in +,missmashaba,0,0,0,capitec
2019-01-01 14:27:54+00:00,1080108356835176448,"I don‚Äôt really like the tap and go feature,now imagine the shock I had  when they could just tap my Capitec credit card at the tollgate",Ayabonga_M,1,0,1,capitec
2019-01-01 13:11:00+00:00,1080089004991762432,"@Xamhunti2545 Any bank where your pricing is not pay as you use 

Capitec is actually costly for working people as you pay to literally make any transactions",BohileM,0,0,0,capitec
2019-01-01 12:35:21+00:00,1080080033656508417,Capitec wilding https://t.co/Qnrj4sGsf3,RealBandile,0,0,0,capitec
2019-01-01 12:34:43+00:00,1080079874335928320,"@mgast @MorolongZA Ta for clarity. How hv Telcos solved for this? 
With 25K ATMs with R500K each on avg, banks don't need a R1.25 trillion headache. Breaking banks' monopoly can start with outsourcing money handling INCL both in branch &amp; ATM ~similar to how capitec has done hence my mention of them",KeaMatome,1,1,0,capitec
2019-01-01 12:06:15+00:00,1080072711181869056,Hi @CapitecBankSA I bought airtime this morning using the capitec bank app but it doesn't reflect yet my money is gone. Please assist.,Buleh_Zoe,1,1,1,capitec
2019-01-01 11:38:07+00:00,1080065629758111745,@NomzingisiJili Capitec supposed to refund us back,nolomoifa,0,0,0,capitec
2019-01-01 11:08:14+00:00,1080058108628664320,"@mgast @MorolongZA Solved for finInclusion?Sorry, my mind still foggy. 
In any case, outsourcing ATMs can only be great as cash handling not done by banks. Retail does that already (c capitec model) but would banks reduce fees or unbudle fees? I doubt.",KeaMatome,1,1,0,capitec
2019-01-01 10:47:52+00:00,1080052982673219585,"@yolula_ Capitec is so peaceful, they account for each and every cent. And bank charges aren‚Äôt ridiculous",Pearlayanda12,1,0,0,capitec
2019-01-01 10:31:02+00:00,1080048745914482688,"@CapitecBankSA I bought data using the Capitec app,money was deducted but I didn't get my data bundles. I called my service provider @MTNza and they told me the problem is on your side. Can I get my money or data please.",BowDlepu,1,0,1,capitec
2019-01-01 10:26:23+00:00,1080047578606125056,"@sindivanzyl I'm selling cookies ü§ó‚ù§
Based in PTA. 
**Delivery info**
‚Ä¢ Garankuwa - R20
‚Ä¢ Mabopane - R30 
‚Ä¢ Akasia &amp; Soshanguve - R50

We can arrange for collection in Arcadia (PTA) for clients from JHB or PTA CBD üòä

**Banking details**
151 342 6646
O Hlatswayo
Capitec Bank https://t.co/4FWVY4iSaK",_therealotli,0,53,64,capitec
2019-01-01 09:21:45+00:00,1080031311165820930,@yolula_ Lol bank with Capitec,SiphileHlwatika,1,0,0,capitec
2019-01-01 09:21:33+00:00,1080031263313010688,Why capitec banking app esa bereki? Ke nyaka go reversa some debit orders üò¢,K4Kgothatso,4,1,1,capitec
2019-01-01 08:37:45+00:00,1080020240396943360,"If you lost your IPhone 8 at  capitec (boardwalk) ,go to Mr Biggs at the junction ,check under a Blue Bucket at the entrance you'll see your MTN sim there",SirDealerSoul,0,0,1,capitec
2019-01-01 08:29:36+00:00,1080018187020890112,@SiceloDumakude @CapitecBankSA @MTNza Same here! I thought I was the only one! Capitec must account! üòí,Mr_Segwai,1,0,2,capitec
2019-01-01 07:16:51+00:00,1079999880599400448,"This account is just too expensive and does nothing to benefit me...I have now approached Capitec, Absa, Nedbank and Std Bank to see what they can offer. I now need to decide which is best for me.. Thank you FNB, but I am done..",Charneychantal,4,0,0,capitec
2019-01-01 06:39:47+00:00,1079990551863312384,@KamoRamz_ N when one calls the customer care they take forever to answer mxm. M done with Capitec,Jack_4RSA,1,0,0,capitec
2019-01-01 06:37:54+00:00,1079990076241862657,"@interrec @sabstopy Just like most of clients jumped the ship, from fnb cruise. Standard Bank is also going to experience same action. It's seems like Capitec bank will be busy accepting new clients. Because CB's business model improve everyday.",TshidisoMatolo,0,1,2,capitec
2019-01-01 05:52:09+00:00,1079978566681546752,I bought airtime from the capitec app and it doesn't reflect on my phone an moreworse its not the first time,Jack_4RSA,0,0,0,capitec
2019-01-01 04:52:51+00:00,1079963640562892800,So I bought airtime from the capitec app and it doesn't reflect on my phone.. üôÑüôÑ,nolomoifa,5,2,3,capitec
2019-01-01 18:21:06+00:00,1080167043297615878,"Bank balance
#banks
#absa
#standardbank
#capitecbank https://t.co/RHEJCV4spB",Rendals_Masid,0,0,1,capitec
2019-01-01 07:17:51+00:00,1080000131578105857,"@CapitecSA i purchased an airtime from your banking app two times midnight, i haven't received it till now. Ngayfuna!!!",Sbodladlaproff,0,0,0,capitec
2019-01-01 23:21:38+00:00,1080242675155173376,@interrec There is a judgment against Standard Bank confirming they are not allowed to charge the service fee prescribe under the NCA to accounts on agreements that fall under Usury Act prior 1 June 2007,InconvTruthNCA,1,1,1,standard_bank
2019-01-01 22:17:13+00:00,1080226463260073986,"2018 was cool....but mark my words, 2019 will be the year of the Diamond Standard. Bank on it üíéüòà",PerfectAaron1,0,0,4,standard_bank
2019-01-01 21:54:03+00:00,1080220635912122368,@interrec Where were you 12 months ago when I needed your insight on #StandardBank - 1 year later on twitter you prove how STINK they are! #StandardBankMustFall,cuanitag,0,0,0,standard_bank
2019-01-01 21:41:50+00:00,1080217559629262848,Barclays Africa and Standard Bank drop global consultancy firm McKinsey as it faces bribery allegations in South Africa. https://t.co/Qxtdh3IbV7,Greg0706,0,2,3,standard_bank
2019-01-01 21:15:36+00:00,1080210959883534336,"The Ghana unit of Standard Bank of South Africa, Stanbic Bank Ghana Limited, has absorbed customers of the local subsidiary of Indian-state lender, Bank of Baroda under an arrangement that comes at... https://t.co/PZf85qwEBH",newswiregh,0,0,0,standard_bank
2019-01-01 20:01:03+00:00,1080192199336345613,Im using Vodacom and StandardBank üòÖ https://t.co/vly5BHwlO5,Hdflameboy,0,0,0,standard_bank
2019-01-01 18:49:11+00:00,1080174113476526083,"The Ghana unit of Standard Bank of South Africa, Stanbic Bank Ghana Limited, ...

https://t.co/yWmAH0ZlEc https://t.co/x67reELONH",myghanalinks,1,0,2,standard_bank
2019-01-01 18:48:36+00:00,1080173965694418944,"The Ghana unit of Standard Bank of South Africa, Stanbic Bank Ghana Limited, ...

https://t.co/yWmAH0ZlEc",myghanalinks,0,0,1,standard_bank
2019-01-01 18:21:06+00:00,1080167043297615878,"Bank balance
#banks
#absa
#standardbank
#capitecbank https://t.co/RHEJCV4spB",Rendals_Masid,0,0,1,standard_bank
2019-01-01 17:12:12+00:00,1080149705559064577,@interrec I have two home loan with standard bank am Paying way to high for admin charges and some fraudulent dictduction,akoko1970,0,0,0,standard_bank
2019-01-01 16:56:09+00:00,1080145664863014912,"The Ghana unit of Standard Bank of South Africa, Stanbic Bank Ghana Limited, has absorbed customers of the local subsidiary of Indian-state lender, Bank of Baroda under an arrangement that comes at no cost to... https://t.co/72tGo95jp7",newswiregh,0,0,0,standard_bank
2019-01-01 16:51:20+00:00,1080144451933294598,"https://t.co/e3UKZXaPFc BREAKING: Stanbic Bank ‚Äòtakes over‚Äô Bank of Baroda‚Äì The Ghana unit of Standard Bank of South Africa, Stanbic Bank Ghana Limited, has absorbed customers of the local subsidiary of Indian-state l...",HypercitiNews,0,1,1,standard_bank
2019-01-01 16:31:04+00:00,1080139352414523392,Standard Bank still hasn't collected. They'll be in for a surprise when they come tomorrow,kgotsomaphike,0,0,0,standard_bank
2019-01-01 16:21:35+00:00,1080136966635687942,"#property #BiPS  #peer2peer #tokensale #MoneybrainBiPS  
You can buy BiPS via the portal. Payment can be made by standard bank transfer or if you currently own a crypto wallet we can accept this payment method also.

https://t.co/QLmimAXTmz",kalugina_k_i,0,0,0,standard_bank
2019-01-01 16:04:30+00:00,1080132668484997121,"The Ghana unit of Standard Bank of South Africa, Stanbic Bank Ghana Limited, has absorbed customers of the local subsidiary of Indian-state lender, Bank of Baroda under an arrangement that comes at no cost to the former. https://t.co/e3UKZXaPFc",HypercitiNews,0,3,2,standard_bank
2019-01-01 15:37:26+00:00,1080125856104747008,"BREAKING NEWS
The Ghana unit of Standard Bank of South Africa, Stanbic Bank Ghana Limited, has absorbed customers of the local subsidiary of Indian-state lender, Bank of Baroda under an arrangement that comes at no cost to the former. https://t.co/rzszMsq6DI",Graphicgh,1,13,34,standard_bank
2019-01-01 14:50:15+00:00,1080113982327926784,@YouKnowNicole  i got u  on standard bank 247 calender .... see u everyday lol,boycutt,1,1,0,standard_bank
2019-01-01 14:19:26+00:00,1080106227328319494,"@sindivanzyl Student debt payment donation                                                                               Banking Account:
Bank: Standard Bank
Account Number: 071 244 395
Account Name: Sefako Makgatho Health Sciences University (SMU)
Branch number: 020 909
Reference: 201110955",DominusAstartes,0,0,0,standard_bank
2019-01-01 14:00:01+00:00,1080101340385226752,"Edenvale Bowls Club ready to host your events
Companies which have made use of the club‚Äôs grounds over the years include Liberty Life and Standard Bank: https://t.co/1zY0cTlbCj https://t.co/96J1pGEpOk",BedfordEdenvale,0,0,0,standard_bank
2019-01-01 13:37:55+00:00,1080095777911984129,Standard Bank wants to sell clients home in sale in execution. Investigating the mortgage the client is not in arrears. The amount overcharged due to illegal Adm FEE and interest is larger that the alleged amount in arrears. Usury Act determine that SB cannot obtain judgment.,interrec,8,149,173,standard_bank
2019-01-01 13:18:41+00:00,1080090936628133890,"#property #BiPS  #peer2peer #tokensale #MoneybrainBiPS 
https://t.co/JxLdOO7g2E 
You can purchase BiPS through  the portal. Payment can be made by standard bank transfer or if you currently own a crypto wallet we can accept this payment method also.",_Errrgh,0,0,0,standard_bank
2019-01-01 12:04:14+00:00,1080072202949718016,Shame on @StandardBank,realjonzz,0,0,0,standard_bank
2019-01-01 11:22:31+00:00,1080061704891846656,Microsoft PwC India MultiChoice Standard Bank Group https://t.co/b9rECYsRcR,thenitnotes,0,0,0,standard_bank
2019-01-01 11:20:01+00:00,1080061075717005312,@PSeretlo @Koena_za I did. You will find other content related to other banks over charging and get tweets directly from the lawyer representing such clients against not only standard bank but FNB as well. Not just an isolated stolen tweet,RayLordBT,1,0,1,standard_bank
2019-01-01 11:18:32+00:00,1080060701203447809,@interrec @Koena_za @PSeretlo follow Emerald. He is not only dealing with Standard Bank but other banks like FNB.,RayLordBT,1,0,1,standard_bank
2019-01-01 11:06:44+00:00,1080057733565407232,"#property #BiPS  #peer2peer #tokensale #MoneybrainBiPS 
https://t.co/blRbE4rtTh 
You can buy BiPS via the portal. Payment can be made by standard bank transfer or if you currently own a crypto wallet we can accept this payment method also.",nitin21amm,0,0,0,standard_bank
2019-01-01 11:00:08+00:00,1080056072629559297,"@BlackOpalSA Darling, love the brand, Somizi is fabulous.  Now please check how authentic your ""branded"" products are, sold at Reds Mall in Centurion.  The shop is full of fake brands and really we want Somgaga to benefit. You being ripped off, they r next to Standard Bank",kuliroberts,1,0,1,standard_bank
2019-01-01 10:24:06+00:00,1080047004691152896,@KhandaniM Imagine making sending money from SA/Swaziland using Standard Bank easier  instead of using MoneyGram or other currency burea intermediaries. Cancel SWIFT. Saving on transaction costs. Remove barriers. Our banks are present in BLNS countries yet it‚Äôs expensive to send money,RayLordBT,3,0,2,standard_bank
2019-01-01 10:13:53+00:00,1080044433867976704,i have a standard bank 2019 canlender and january is Nicole from capital .. lol weird having a friend in ur calender...,boycutt,0,0,0,standard_bank
2019-01-01 09:20:47+00:00,1080031067636158464,@yolula_ Just don‚Äôt switch to Standard Bank,KATL3HO_,1,0,0,standard_bank
2019-01-01 08:50:02+00:00,1080023330110033920,Standard Bank accused of charging black mortgage clients a higher interest rates. The monthly admin fees or service fees are levied not to discriminate against black bondholders. FNB has been summonsed in the Equality Court for the same conduct. This trial is continueing soon.,Koena_za,2,6,18,standard_bank
2019-01-01 07:50:29+00:00,1080008342465114112,"Financial donations for Wupperthal can be made to: Moravian Church in S.A., Standard Bank, Account no. 072906189, Reference: Wupperthal Fire.
From: Rev. Lionel Erasmus
#WupperthalFire 
#wuppertal 
#wupperthal",rjaloss,0,4,0,standard_bank
2019-01-01 06:37:54+00:00,1079990076241862657,"@interrec @sabstopy Just like most of clients jumped the ship, from fnb cruise. Standard Bank is also going to experience same action. It's seems like Capitec bank will be busy accepting new clients. Because CB's business model improve everyday.",TshidisoMatolo,0,1,2,standard_bank
2019-01-01 05:42:54+00:00,1079976238012342272,Standard Bank - South Africa TrailrunSeries wishes you a prosperous 2019 &amp; many healthy miles for your family! #WhatsYourNext #BigOnLife #KiddieRun #HealthyLiving #BeatYesterday,BlackBeastRun,0,0,0,standard_bank
2019-01-01 05:41:18+00:00,1079975833945718791,Emini ka bha...... The top guy at Standard bank is a black dude,mfokamgogo,0,0,1,standard_bank
2019-01-01 04:32:42+00:00,1079958571570397184,"and our suppliers/partners - specifically WASAA, the NEF and Standard Bank for making our dream your own. Looking forward to another year of Inspiring Hope.
#apmbus #inspiringhope",TumiKgabo,0,0,3,standard_bank
2019-01-01 04:09:41+00:00,1079952777583853574,"Gold Standard bank 
We need youüëå

https://t.co/9Xo6EmYzoo

Profit packages ‚Ç¨1,000,000 to ‚Ç¨160

Join usü•Ç 
Get info inbox me, happy new year everyone‚ÄºÔ∏è https://t.co/nv4WtFgL7O",giocatt1,0,0,0,standard_bank
2019-01-01 03:32:25+00:00,1079943399468425216,"Standard Bank Adm Scandal cover up;
Adm Fees must be agreed upon in writing. Mr Fritz van Loggenberg is of opinion that if a client request a term extention there was ""material"" change in the agreement and loans moves to NCA and therefor SB could  levied these higher Adm Fees",interrec,3,31,32,standard_bank
2019-01-01 03:18:49+00:00,1079939975708332032,"Standard Bank Adm Fee Scandal. Everybody knows that the prejudice clients are the most effected. While CEO Lungisa Fuzile is keeping a low profile, this scandal is  now also affecting the moral of SB's employees who are shocked and disgusted with this prohibited conduct by SB",interrec,8,99,118,standard_bank
2019-01-01 00:11:25+00:00,1079892815746924546,@interrec How will the affected client be identified and compensated? I am just curious because our house is with Standard Bank.,SitholeNaomi,0,0,0,standard_bank
